date, pm25, pm10
2025/11/1, 10, 4
2025/11/2, 4, 11
2025/11/3, 8, 6
2025/11/4, 6, 9
2025/11/5, 21, 4
2025/11/6, 7, 4
2025/11/7, 6, 20
2025/11/8, 16, 7
2025/11/9, 11, 5
2025/11/10, 10, 5
2025/11/11, 9, 2
2025/11/12, 4, 2
2025/11/13, 4, 
2025/10/1, 7, 4
2025/10/2, 6, 4
2025/10/3, 8, 7
2025/10/4, 11, 3
2025/10/5, 7, 14
2025/10/6, 14, 4
2025/10/7, 9, 17
2025/10/8, 21, 6
2025/10/9, 8, 2
2025/10/10, 5, 5
2025/10/11, 10, 7
2025/10/12, 11, 2
2025/10/13, 4, 2
2025/10/14, 5, 9
2025/10/15, 24, 7
2025/10/16, 14, 5
2025/10/17, 8, 6
2025/10/18, 14, 7
2025/10/19, 9, 12
2025/10/20, 9, 25
2025/10/21, 17, 3
2025/10/22, 4, 4
2025/10/23, 6, 8
2025/10/24, 9, 2
2025/10/25, 4, 3
2025/10/26, 3, 27
2025/10/27, 16, 28
2025/10/28, 16, 8
2025/10/29, 6, 43
2025/10/30, 30, 21
2025/10/31, 15, 14
2025/7/1, 11, 37
2025/7/2, 26, 7
2025/7/3, 11, 4
2025/7/4, 6, 2
2025/7/5, 5, 2
2025/7/6, 5, 7
2025/7/7, 13, 8
2025/7/8, 15, 7
2025/7/9, 12, 9
2025/7/10, 15, 6
2025/7/11, 15, 5
2025/7/12, 13, 5
2025/7/13, 15, 7
2025/7/14, 17, 10
2025/7/15, 23, 7
2025/7/16, 15, 8
2025/7/17, 18, 10
2025/7/18, 22, 11
2025/7/19, 35, 8
2025/7/20, 31, 16
2025/7/21, 50, 15
2025/7/22, 48, 15
2025/7/23, 47, 11
2025/7/24, 30, 11
2025/7/25, 31, 5
2025/7/26, 13, 5
2025/7/27, 14, 5
2025/7/28, 13, 6
2025/7/29, 14, 7
2025/7/30, 19, 8
2025/7/31, 19, 14
2025/8/1, 37, 11
2025/8/2, 34, 9
2025/8/3, 32, 8
2025/8/4, 14, 5
2025/8/5, 9, 5
2025/8/6, 8, 7
2025/8/7, 15, 6
2025/8/8, 11, 5
2025/8/9, 10, 4
2025/8/10, 8, 7
2025/8/11, 11, 5
2025/8/12, 10, 4
2025/8/13, 6, 7
2025/8/14, 17, 6
2025/8/15, 18, 6
2025/8/16, 11, 5
2025/8/17, 10, 5
2025/8/18, 12, 7
2025/8/19, 11, 7
2025/8/20, 12, 4
2025/8/21, 6, 5
2025/8/22, 7, 4
2025/8/23, 9, 6
2025/8/24, 12, 4
2025/8/25, 6, 4
2025/8/26, 6, 5
2025/8/27, 8, 6
2025/8/28, 9, 5
2025/8/29, 9, 7
2025/8/30, 13, 5
2025/8/31, 13, 6
2025/9/1, 15, 7
2025/9/2, 16, 3
2025/9/3, 8, 5
2025/9/4, 9, 9
2025/9/5, 17, 7
2025/9/6, 16, 3
2025/9/7, 9, 5
2025/9/8, 11, 9
2025/9/9, 15, 8
2025/9/10, 20, 11
2025/9/11, 29, 8
2025/9/12, 16, 4
2025/9/13, 9, 2
2025/9/14, 5, 4
2025/9/15, 9, 4
2025/9/16, 7, 5
2025/9/17, 12, 8
2025/9/18, 10, 4
2025/9/19, 7, 2
2025/9/20, 4, 2
2025/9/21, 4, 7
2025/9/22, 12, 6
2025/9/23, 10, 4
2025/9/24, 9, 8
2025/9/25, 19, 9
2025/9/26, 21, 7
2025/9/27, 9, 4
2025/9/28, 6, 8
2025/9/29, 10, 13
2025/9/30, 15, 5
2025/4/1, 22, 13
2025/4/2, 35, 15
2025/4/3, 41, 10
2025/4/4, 15, 4
2025/4/5, 10, 7
2025/4/6, 14, 3
2025/4/7, 5, 7
2025/4/8, 17, 9
2025/4/9, 16, 2
2025/4/10, 5, 7
2025/4/11, 10, 8
2025/4/12, 21, 9
2025/4/13, 8, 7
2025/4/14, 16, 27
2025/4/15, 20, 28
2025/4/16, 20, 11
2025/4/17, 29, 2
2025/4/18, 5, 8
2025/4/19, 8, 9
2025/4/20, 11, 12
2025/4/21, 10, 3
2025/4/22, 5, 16
2025/4/23, 13, 7
2025/4/24, 6, 8
2025/4/25, 9, 21
2025/4/26, 16, 23
2025/4/27, 18, 2
2025/4/28, 5, 28
2025/4/29, 23, 34
2025/4/30, 27, 5
2025/5/1, 5, 11
2025/5/2, 14, 14
2025/5/3, 15, 10
2025/5/4, 15, 5
2025/5/5, 8, 13
2025/5/6, 12, 28
2025/5/7, 22, 9
2025/5/8, 9, 1
2025/5/9, 3, 13
2025/5/10, 13, 13
2025/5/11, 13, 15
2025/5/12, 20, 11
2025/5/13, 21, 11
2025/5/14, 20, 55
2025/5/15, 33, 7
2025/5/16, 14, 8
2025/5/17, 14, 8
2025/5/18, 18, 15
2025/5/19, 25, 9
2025/5/20, 15, 5
2025/5/21, 6, 9
2025/5/22, 16, 6
2025/5/23, 12, 5
2025/5/24, 6, 3
2025/5/25, 5, 7
2025/5/26, 16, 6
2025/5/27, 13, 6
2025/5/28, 11, 5
2025/5/29, 10, 7
2025/5/30, 12, 6
2025/5/31, 11, 4
2025/6/1, 7, 3
2025/6/2, 8, 8
2025/6/3, 14, 7
2025/6/4, 10, 7
2025/6/5, 13, 5
2025/6/6, 8, 6
2025/6/7, 14, 5
2025/6/8, 12, 4
2025/6/9, 10, 7
2025/6/10, 8, 7
2025/6/11, 10, 5
2025/6/12, 7, 9
2025/6/13, 11, 10
2025/6/14, 26, 6
2025/6/15, 16, 7
2025/6/16, 15, 7
2025/6/17, 15, 6
2025/6/18, 15, 9
2025/6/19, 16, 8
2025/6/20, 12, 6
2025/6/21, 11, 5
2025/6/22, 10, 6
2025/6/23, 12, 7
2025/6/24, 17, 12
2025/6/25, 25, 4
2025/6/26, 8, 9
2025/6/27, 14, 5
2025/6/28, 13, 5
2025/6/29, 13, 7
2025/6/30, 15, 5
2025/1/1, 7, 3
2025/1/2, 8, 3
2025/1/3, 8, 2
2025/1/4, 5, 1
2025/1/5, 4, 2
2025/1/6, 4, 2
2025/1/7, 4, 3
2025/1/8, 8, 2
2025/1/9, 8, 2
2025/1/10, 6, 4
2025/1/11, 10, 7
2025/1/12, 19, 6
2025/1/13, 18, 10
2025/1/14, 23, 4
2025/1/15, 12, 13
2025/1/16, 42, 8
2025/1/17, 21, 11
2025/1/18, 28, 9
2025/1/19, 12, 13
2025/1/20, 11, 17
2025/1/21, 13, 20
2025/1/22, 18, 20
2025/1/23, 24, 25
2025/1/24, 21, 16
2025/1/25, 12, 7
2025/1/26, 17, 17
2025/1/27, 14, 19
2025/1/28, 14, 12
2025/1/29, 14, 44
2025/1/30, 33, 6
2025/1/31, 11, 5
2025/2/1, 9, 3
2025/2/2, 5, 22
2025/2/3, 20, 8
2025/2/4, 12, 5
2025/2/5, 13, 13
2025/2/6, 40, 17
2025/2/7, 47, 20
2025/2/8, 23, 7
2025/2/9, 12, 9
2025/2/10, 20, 6
2025/2/11, 16, 35
2025/2/12, 29, 3
2025/2/13, 6, 2
2025/2/14, 5, 3
2025/2/15, 7, 2
2025/2/16, 6, 2
2025/2/17, 8, 6
2025/2/18, 12, 3
2025/2/19, 6, 7
2025/2/20, 6, 9
2025/2/21, 8, 2
2025/2/22, 5, 6
2025/2/23, 17, 19
2025/2/24, 11, 36
2025/2/25, 25, 25
2025/2/26, 16, 14
2025/2/27, 12, 4
2025/2/28, 9, 3
2025/3/1, 8, 5
2025/3/2, 10, 21
2025/3/3, 40, 16
2025/3/4, 23, 6
2025/3/5, 13, 7
2025/3/6, 13, 6
2025/3/7, 10, 9
2025/3/8, 18, 6
2025/3/9, 8, 4
2025/3/10, 5, 27
2025/3/11, 21, 38
2025/3/12, 27, 12
2025/3/13, 11, 4
2025/3/14, 7, 4
2025/3/15, 8, 5
2025/3/16, 10, 6
2025/3/17, 14, 14
2025/3/18, 41, 6
2025/3/19, 13, 6
2025/3/20, 9, 12
2025/3/21, 10, 16
2025/3/22, 12, 20
2025/3/23, 23, 16
2025/3/24, 19, 8
2025/3/25, 17, 4
2025/3/26, 9, 9
2025/3/27, 25, 4
2025/3/28, 10, 12
2025/3/29, 15, 6
2025/3/30, 7, 30
2025/3/31, 24, 9
2024/10/1, 14, 6
2024/10/2, 5, 3
2024/10/3, 7, 5
2024/10/4, 9, 6
2024/10/5, 6, 4
2024/10/6, 4, 11
2024/10/7, 8, 2
2024/10/8, 2, 3
2024/10/9, 4, 6
2024/10/10, 6, 3
2024/10/11, 5, 2
2024/10/12, 4, 8
2024/10/13, 6, 3
2024/10/14, 6, 10
2024/10/15, 10, 8
2024/10/16, 25, 8
2024/10/17, 9, 6
2024/10/18, 12, 15
2024/10/19, 11, 4
2024/10/20, 5, 27
2024/10/21, 21, 7
2024/10/22, 18, 7
2024/10/23, 15, 7
2024/10/24, 19, 9
2024/10/25, 26, 13
2024/10/26, 15, 2
2024/10/27, 4, 5
2024/10/28, 12, 6
2024/10/29, 16, 13
2024/10/30, 16, 6
2024/10/31, 8, 3
2024/11/1, 6, 5
2024/11/2, 10, 3
2024/11/3, 5, 3
2024/11/4, 7, 4
2024/11/5, 11, 5
2024/11/6, 9, 5
2024/11/7, 11, 8
2024/11/8, 22, 33
2024/11/9, 42, 24
2024/11/10, 20, 48
2024/11/11, 27, 3
2024/11/12, 8, 11
2024/11/13, 31, 9
2024/11/14, 20, 5
2024/11/15, 14, 3
2024/11/16, 5, 3
2024/11/17, 7, 2
2024/11/18, 6, 4
2024/11/19, 6, 25
2024/11/20, 18, 38
2024/11/21, 31, 31
2024/11/22, 25, 5
2024/11/23, 9, 4
2024/11/24, 8, 2
2024/11/25, 6, 3
2024/11/26, 6, 2
2024/11/27, 5, 3
2024/11/28, 6, 7
2024/11/29, 14, 3
2024/11/30, 7, 3
2024/12/1, 7, 5
2024/12/2, 11, 5
2024/12/3, 10, 3
2024/12/4, 7, 3
2024/12/5, 5, 3
2024/12/6, 4, 2
2024/12/7, 5, 7
2024/12/8, 15, 8
2024/12/9, 20, 6
2024/12/10, 16, 8
2024/12/11, 16, 6
2024/12/12, 12, 2
2024/12/13, 5, 1
2024/12/14, 3, 3
2024/12/15, 6, 2
2024/12/16, 5, 4
2024/12/17, 9, 3
2024/12/18, 6, 3
2024/12/19, 7, 5
2024/12/20, 9, 2
2024/12/21, 6, 2
2024/12/22, 5, 2
2024/12/23, 5, 3
2024/12/24, 8, 12
2024/12/25, 34, 11
2024/12/26, 31, 13
2024/12/27, 41, 6
2024/12/28, 17, 3
2024/12/29, 6, 
2024/7/1, 7, 8
2024/7/2, 18, 8
2024/7/3, 18, 4
2024/7/4, 10, 4
2024/7/5, 9, 3
2024/7/6, 6, 4
2024/7/7, 12, 6
2024/7/8, 8, 4
2024/7/9, 7, 3
2024/7/10, 7, 3
2024/7/11, 5, 5
2024/7/12, 10, 4
2024/7/13, 11, 5
2024/7/14, 16, 5
2024/7/15, 15, 4
2024/7/16, 10, 6
2024/7/17, 14, 7
2024/7/18, 18, 4
2024/7/19, 11, 4
2024/7/20, 10, 6
2024/7/21, 16, 8
2024/7/22, 23, 6
2024/7/23, 18, 4
2024/7/24, 9, 4
2024/7/25, 12, 4
2024/7/26, 11, 3
2024/7/27, 10, 4
2024/7/28, 11, 5
2024/7/29, 11, 4
2024/7/30, 11, 4
2024/7/31, 11, 7
2024/8/1, 15, 6
2024/8/2, 14, 7
2024/8/3, 24, 8
2024/8/4, 28, 7
2024/8/5, 20, 7
2024/8/6, 17, 6
2024/8/7, 43, 6
2024/8/8, 18, 5
2024/8/9, 10, 4
2024/8/10, 9, 3
2024/8/11, 9, 5
2024/8/12, 9, 5
2024/8/13, 13, 8
2024/8/14, 15, 5
2024/8/15, 12, 6
2024/8/16, 14, 6
2024/8/17, 10, 3
2024/8/18, 8, 6
2024/8/19, 12, 5
2024/8/20, 10, 6
2024/8/21, 14, 3
2024/8/22, 8, 3
2024/8/23, 7, 6
2024/8/24, 13, 4
2024/8/25, 8, 5
2024/8/26, 11, 11
2024/8/27, 28, 8
2024/8/28, 24, 6
2024/8/29, 17, 8
2024/8/30, 20, 11
2024/8/31, 29, 13
2024/9/1, 37, 7
2024/9/2, 18, 4
2024/9/3, 9, 10
2024/9/4, 21, 7
2024/9/5, 14, 5
2024/9/6, 12, 4
2024/9/7, 8, 18
2024/9/8, 45, 21
2024/9/9, 50, 10
2024/9/10, 25, 4
2024/9/11, 8, 3
2024/9/12, 4, 5
2024/9/13, 5, 5
2024/9/14, 9, 2
2024/9/15, 4, 5
2024/9/16, 7, 4
2024/9/17, 7, 5
2024/9/18, 12, 7
2024/9/19, 17, 5
2024/9/20, 9, 4
2024/9/21, 7, 2
2024/9/22, 3, 1
2024/9/23, 2, 2
2024/9/24, 2, 4
2024/9/25, 5, 4
2024/9/26, 7, 3
2024/9/27, 5, 2
2024/9/28, 4, 5
2024/9/29, 9, 2
2024/9/30, 4, 7
2024/4/1, 15, 40
2024/4/2, 28, 18
2024/4/3, 15, 11
2024/4/4, 10, 28
2024/4/5, 23, 24
2024/4/6, 20, 11
2024/4/7, 11, 7
2024/4/8, 20, 23
2024/4/9, 20, 8
2024/4/10, 9, 31
2024/4/11, 34, 21
2024/4/12, 18, 5
2024/4/13, 13, 9
2024/4/14, 16, 35
2024/4/15, 30, 41
2024/4/16, 29, 40
2024/4/17, 28, 29
2024/4/18, 23, 30
2024/4/19, 25, 17
2024/4/20, 18, 16
2024/4/21, 17, 25
2024/4/22, 23, 27
2024/4/23, 26, 52
2024/4/24, 39, 20
2024/4/25, 15, 21
2024/4/26, 18, 15
2024/4/27, 16, 12
2024/4/28, 11, 20
2024/4/29, 14, 11
2024/4/30, 11, 8
2024/5/1, 9, 19
2024/5/2, 18, 20
2024/5/3, 23, 10
2024/5/4, 13, 6
2024/5/5, 8, 11
2024/5/6, 12, 12
2024/5/7, 12, 7
2024/5/8, 9, 5
2024/5/9, 10, 13
2024/5/10, 21, 9
2024/5/11, 11, 2
2024/5/12, 9, 12
2024/5/13, 16, 15
2024/5/14, 21, 6
2024/5/15, 19, 10
2024/5/16, 18, 10
2024/5/17, 20, 12
2024/5/18, 37, 5
2024/5/19, 9, 7
2024/5/20, 10, 7
2024/5/21, 8, 10
2024/5/22, 10, 16
2024/5/23, 23, 11
2024/5/24, 21, 7
2024/5/25, 14, 7
2024/5/26, 16, 14
2024/5/27, 36, 15
2024/5/28, 43, 16
2024/5/29, 45, 55
2024/5/30, 38, 9
2024/5/31, 17, 5
2024/6/1, 11, 6
2024/6/2, 16, 10
2024/6/3, 22, 9
2024/6/4, 15, 33
2024/6/5, 29, 18
2024/6/6, 21, 4
2024/6/7, 10, 5
2024/6/8, 13, 6
2024/6/9, 12, 8
2024/6/10, 21, 7
2024/6/11, 22, 4
2024/6/12, 8, 6
2024/6/13, 14, 5
2024/6/14, 10, 5
2024/6/15, 14, 5
2024/6/16, 10, 6
2024/6/17, 10, 6
2024/6/18, 12, 7
2024/6/19, 16, 5
2024/6/20, 9, 5
2024/6/21, 10, 5
2024/6/22, 11, 5
2024/6/23, 11, 8
2024/6/24, 17, 3
2024/6/25, 9, 8
2024/6/26, 16, 8
2024/6/27, 17, 12
2024/6/28, 32, 10
2024/6/29, 35, 5
2024/6/30, 11, 5
2024/1/1, 15, 13
2024/1/2, 16, 12
2024/1/3, 14, 17
2024/1/4, 19, 3
2024/1/5, 7, 2
2024/1/6, 8, 4
2024/1/7, 9, 7
2024/1/8, 19, 8
2024/1/9, 28, 7
2024/1/10, 17, 5
2024/1/11, 12, 4
2024/1/12, 8, 1
2024/1/13, 2, 2
2024/1/14, 4, 2
2024/1/15, 7, 2
2024/1/16, 5, 4
2024/1/17, 9, 5
2024/1/18, 14, 5
2024/1/19, 19, 3
2024/1/20, 10, 2
2024/1/21, 5, 2
2024/1/22, 4, 5
2024/1/23, 10, 12
2024/1/24, 13, 1
2024/1/25, 3, 2
2024/1/26, 3, 9
2024/1/27, 23, 11
2024/1/28, 26, 18
2024/1/29, 47, 13
2024/1/30, 37, 3
2024/1/31, 7, 10
2024/2/1, 22, 4
2024/2/2, 8, 6
2024/2/3, 17, 7
2024/2/4, 15, 5
2024/2/5, 12, 2
2024/2/6, 7, 2
2024/2/7, 5, 2
2024/2/8, 5, 3
2024/2/9, 6, 2
2024/2/10, 5, 3
2024/2/11, 5, 6
2024/2/12, 13, 8
2024/2/13, 15, 5
2024/2/14, 12, 3
2024/2/15, 9, 2
2024/2/16, 4, 4
2024/2/17, 8, 4
2024/2/18, 10, 6
2024/2/19, 10, 1
2024/2/20, 3, 9
2024/2/21, 20, 2
2024/2/22, 5, 2
2024/2/23, 4, 2
2024/2/24, 4, 3
2024/2/25, 4, 4
2024/2/26, 9, 11
2024/2/27, 8, 19
2024/2/28, 15, 6
2024/2/29, 9, 34
2024/3/1, 23, 20
2024/3/2, 17, 19
2024/3/3, 18, 35
2024/3/4, 26, 60
2024/3/5, 49, 58
2024/3/6, 48, 32
2024/3/7, 31, 9
2024/3/8, 17, 32
2024/3/9, 25, 26
2024/3/10, 19, 67
2024/3/11, 57, 63
2024/3/12, 45, 52
2024/3/13, 35, 10
2024/3/14, 10, 4
2024/3/15, 9, 5
2024/3/16, 9, 6
2024/3/17, 7, 3
2024/3/18, 5, 10
2024/3/19, 7, 9
2024/3/20, 13, 15
2024/3/21, 21, 3
2024/3/22, 4, 19
2024/3/23, 13, 18
2024/3/24, 16, 5
2024/3/25, 8, 3
2024/3/26, 5, 8
2024/3/27, 9, 4
2024/3/28, 7, 8
2024/3/29, 8, 3
2024/3/30, 5, 4
2024/3/31, 5, 14
2023/10/1, 7, 4
2023/10/2, 7, 1
2023/10/3, 3, 4
2023/10/4, 7, 5
2023/10/5, 10, 2
2023/10/6, 6, 3
2023/10/7, 7, 2
2023/10/8, 5, 6
2023/10/9, 6, 7
2023/10/10, 6, 10
2023/10/11, 8, 11
2023/10/12, 9, 14
2023/10/13, 13, 16
2023/10/14, 13, 5
2023/10/15, 8, 8
2023/10/16, 11, 15
2023/10/17, 12, 8
2023/10/18, 12, 21
2023/10/19, 18, 34
2023/10/20, 25, 21
2023/10/21, 18, 33
2023/10/22, 28, 35
2023/10/23, 26, 8
2023/10/24, 8, 47
2023/10/25, 30, 8
2023/10/26, 7, 2
2023/10/27, 5, 2
2023/10/28, 5, 3
2023/10/29, 5, 8
2023/10/30, 9, 10
2023/10/31, 10, 5
2023/11/1, 7, 7
2023/11/2, 6, 8
2023/11/3, 8, 13
2023/11/4, 11, 10
2023/11/5, 8, 4
2023/11/6, 6, 2
2023/11/7, 5, 12
2023/11/8, 9, 21
2023/11/9, 16, 8
2023/11/10, 9, 8
2023/11/11, 7, 14
2023/11/12, 11, 35
2023/11/13, 27, 35
2023/11/14, 26, 19
2023/11/15, 16, 17
2023/11/16, 15, 3
2023/11/17, 6, 3
2023/11/18, 8, 1
2023/11/19, 4, 2
2023/11/20, 4, 2
2023/11/21, 5, 2
2023/11/22, 4, 5
2023/11/23, 12, 5
2023/11/24, 11, 3
2023/11/25, 9, 3
2023/11/26, 9, 4
2023/11/27, 9, 5
2023/11/28, 13, 6
2023/11/29, 11, 7
2023/11/30, 13, 5
2023/12/1, 12, 3
2023/12/2, 7, 2
2023/12/3, 6, 3
2023/12/4, 8, 1
2023/12/5, 5, 2
2023/12/6, 4, 2
2023/12/7, 5, 2
2023/12/8, 7, 3
2023/12/9, 9, 4
2023/12/10, 10, 7
2023/12/11, 19, 7
2023/12/12, 11, 3
2023/12/13, 9, 2
2023/12/14, 5, 2
2023/12/15, 6, 4
2023/12/16, 10, 13
2023/12/17, 35, 10
2023/12/18, 25, 4
2023/12/19, 9, 3
2023/12/20, 6, 2
2023/12/21, 4, 3
2023/12/22, 5, 2
2023/12/23, 4, 1
2023/12/24, 5, 2
2023/12/25, 6, 3
2023/12/26, 10, 6
2023/12/27, 15, 2
2023/12/28, 7, 1
2023/12/29, 2, 2
2023/12/30, 7, 4
2023/12/31, 11, 6
2023/7/1, 16, 6
2023/7/2, 10, 4
2023/7/3, 5, 5
2023/7/4, 8, 7
2023/7/5, 16, 6
2023/7/6, 14, 9
2023/7/7, 23, 4
2023/7/8, 12, 4
2023/7/9, 12, 6
2023/7/10, 14, 8
2023/7/11, 16, 7
2023/7/12, 15, 7
2023/7/13, 17, 6
2023/7/14, 16, 3
2023/7/15, 6, 3
2023/7/16, 7, 5
2023/7/17, 10, 6
2023/7/18, 13, 7
2023/7/19, 15, 5
2023/7/20, 12, 8
2023/7/21, 22, 7
2023/7/22, 24, 3
2023/7/23, 8, 3
2023/7/24, 10, 6
2023/7/25, 19, 44
2023/7/26, 28, 5
2023/7/27, 14, 7
2023/7/28, 21, 5
2023/7/29, 14, 3
2023/7/30, 10, 5
2023/7/31, 12, 5
2023/8/1, 10, 4
2023/8/2, 8, 4
2023/8/3, 9, 5
2023/8/4, 12, 7
2023/8/5, 12, 5
2023/8/6, 10, 4
2023/8/7, 12, 11
2023/8/8, 32, 7
2023/8/9, 12, 5
2023/8/10, 11, 3
2023/8/11, 7, 2
2023/8/12, 3, 3
2023/8/13, 9, 5
2023/8/14, 11, 5
2023/8/15, 14, 6
2023/8/16, 12, 6
2023/8/17, 10, 4
2023/8/18, 8, 4
2023/8/19, 9, 4
2023/8/20, 8, 4
2023/8/21, 10, 3
2023/8/22, 9, 4
2023/8/23, 8, 4
2023/8/24, 10, 6
2023/8/25, 13, 4
2023/8/26, 6, 5
2023/8/27, 10, 6
2023/8/28, 11, 5
2023/8/29, 11, 5
2023/8/30, 10, 5
2023/8/31, 9, 5
2023/9/1, 11, 2
2023/9/2, 4, 3
2023/9/3, 6, 10
2023/9/4, 22, 10
2023/9/5, 23, 9
2023/9/6, 19, 10
2023/9/7, 17, 6
2023/9/8, 16, 8
2023/9/9, 23, 11
2023/9/10, 26, 4
2023/9/11, 7, 3
2023/9/12, 6, 4
2023/9/13, 6, 3
2023/9/14, 4, 40
2023/9/15, 21, 3
2023/9/16, 5, 3
2023/9/17, 5, 3
2023/9/18, 5, 3
2023/9/19, 4, 2
2023/9/20, 2, 3
2023/9/21, 4, 2
2023/9/22, 4, 3
2023/9/23, 5, 3
2023/9/24, 5, 5
2023/9/25, 12, 13
2023/9/26, 34, 9
2023/9/27, 21, 8
2023/9/28, 16, 4
2023/9/29, 7, 6
2023/9/30, 20, 3
2023/4/1, 16, 16
2023/4/2, 15, 8
2023/4/3, 11, 5
2023/4/4, 10, 8
2023/4/5, 7, 13
2023/4/6, 10, 4
2023/4/7, 7, 5
2023/4/8, 10, 15
2023/4/9, 10, 23
2023/4/10, 15, 66
2023/4/11, 39, 39
2023/4/12, 33, 29
2023/4/13, 26, 25
2023/4/14, 26, 16
2023/4/15, 21, 16
2023/4/16, 20, 21
2023/4/17, 23, 39
2023/4/18, 33, 10
2023/4/19, 19, 9
2023/4/20, 23, 8
2023/4/21, 18, 13
2023/4/22, 13, 8
2023/4/23, 9, 32
2023/4/24, 23, 23
2023/4/25, 18, 49
2023/4/26, 54, 7
2023/4/27, 7, 20
2023/4/28, 18, 17
2023/4/29, 18, 10
2023/4/30, 11, 8
2023/5/1, 9, 16
2023/5/2, 14, 17
2023/5/3, 16, 11
2023/5/4, 11, 23
2023/5/5, 21, 16
2023/5/6, 16, 9
2023/5/7, 14, 22
2023/5/8, 28, 26
2023/5/9, 24, 13
2023/5/10, 16, 6
2023/5/11, 11, 11
2023/5/12, 14, 11
2023/5/13, 19, 9
2023/5/14, 16, 22
2023/5/15, 33, 10
2023/5/16, 18, 6
2023/5/17, 12, 7
2023/5/18, 12, 2
2023/5/19, 6, 8
2023/5/20, 19, 5
2023/5/21, 15, 8
2023/5/22, 14, 11
2023/5/23, 23, 8
2023/5/24, 18, 13
2023/5/25, 34, 9
2023/5/26, 19, 4
2023/5/27, 7, 4
2023/5/28, 9, 6
2023/5/29, 13, 7
2023/5/30, 18, 10
2023/5/31, 24, 7
2023/6/1, 12, 6
2023/6/2, 9, 4
2023/6/3, 9, 5
2023/6/4, 13, 9
2023/6/5, 19, 5
2023/6/6, 8, 3
2023/6/7, 7, 4
2023/6/8, 6, 5
2023/6/9, 6, 5
2023/6/10, 9, 10
2023/6/11, 28, 8
2023/6/12, 25, 21
2023/6/13, 39, 9
2023/6/14, 17, 9
2023/6/15, 24, 8
2023/6/16, 18, 8
2023/6/17, 21, 9
2023/6/18, 28, 19
2023/6/19, 44, 20
2023/6/20, 49, 17
2023/6/21, 52, 11
2023/6/22, 33, 8
2023/6/23, 19, 5
2023/6/24, 12, 6
2023/6/25, 16, 6
2023/6/26, 15, 11
2023/6/27, 26, 6
2023/6/28, 17, 10
2023/6/29, 28, 8
2023/6/30, 22, 6
2023/1/2, 11, 4
2023/1/3, 10, 3
2023/1/4, 7, 3
2023/1/5, 7, 5
2023/1/6, 8, 6
2023/1/7, 10, 6
2023/1/8, 9, 5
2023/1/9, 10, 3
2023/1/10, 8, 5
2023/1/11, 8, 2
2023/1/12, 4, 3
2023/1/13, 5, 4
2023/1/14, 9, 2
2023/1/15, 5, 3
2023/1/16, 7, 2
2023/1/17, 4, 2
2023/1/18, 3, 2
2023/1/19, 4, 7
2023/1/20, 15, 5
2023/1/21, 10, 5
2023/1/22, 10, 11
2023/1/23, 29, 41
2023/1/24, 41, 6
2023/1/25, 15, 4
2023/1/26, 9, 4
2023/1/27, 10, 7
2023/1/28, 17, 3
2023/1/29, 8, 3
2023/1/30, 8, 5
2023/1/31, 11, 4
2023/2/1, 12, 3
2023/2/2, 9, 2
2023/2/3, 6, 2
2023/2/4, 6, 9
2023/2/5, 21, 7
2023/2/6, 17, 12
2023/2/7, 34, 7
2023/2/8, 16, 5
2023/2/9, 11, 5
2023/2/10, 11, 5
2023/2/11, 10, 14
2023/2/12, 39, 14
2023/2/13, 37, 13
2023/2/14, 36, 15
2023/2/15, 16, 9
2023/2/16, 14, 6
2023/2/17, 11, 3
2023/2/18, 4, 3
2023/2/19, 7, 3
2023/2/20, 4, 6
2023/2/21, 10, 18
2023/2/22, 17, 5
2023/2/23, 13, 6
2023/2/24, 13, 7
2023/2/25, 14, 8
2023/2/26, 22, 15
2023/2/27, 40, 20
2023/2/28, 35, 15
2023/3/1, 40, 14
2023/3/2, 34, 7
2023/3/3, 17, 6
2023/3/4, 12, 3
2023/3/5, 8, 3
2023/3/6, 8, 2
2023/3/7, 4, 6
2023/3/8, 11, 2
2023/3/9, 6, 3
2023/3/10, 7, 2
2023/3/11, 4, 1
2023/3/12, 4, 3
2023/3/13, 4, 4
2023/3/14, 9, 4
2023/3/15, 7, 5
2023/3/16, 12, 4
2023/3/17, 9, 3
2023/3/18, 7, 2
2023/3/19, 5, 4
2023/3/20, 8, 7
2023/3/21, 15, 5
2023/3/22, 10, 13
2023/3/23, 11, 23
2023/3/24, 19, 14
2023/3/25, 14, 17
2023/3/26, 15, 33
2023/3/27, 26, 30
2023/3/28, 23, 33
2023/3/29, 26, 20
2023/3/30, 19, 11
2023/3/31, 21, 9
2022/10/1, 5, 3
2022/10/2, 7, 4
2022/10/3, 9, 2
2022/10/4, 4, 3
2022/10/5, 4, 6
2022/10/6, 13, 6
2022/10/7, 13, 3
2022/10/8, 6, 4
2022/10/9, 10, 3
2022/10/10, 5, 5
2022/10/11, 11, 4
2022/10/12, 8, 5
2022/10/13, 11, 6
2022/10/14, 11, 3
2022/10/15, 5, 5
2022/10/16, 7, 5
2022/10/17, 10, 4
2022/10/18, 9, 5
2022/10/19, 12, 2
2022/10/20, 3, 15
2022/10/21, 11, 5
2022/10/22, 8, 9
2022/10/23, 15, 24
2022/10/24, 20, 21
2022/10/25, 14, 2
2022/10/26, 4, 5
2022/10/27, 5, 2
2022/10/28, 4, 4
2022/10/29, 8, 15
2022/10/30, 20, 5
2022/10/31, 8, 5
2022/11/1, 4, 20
2022/11/2, 13, 19
2022/11/3, 12, 23
2022/11/4, 15, 17
2022/11/5, 14, 17
2022/11/6, 12, 10
2022/11/7, 10, 5
2022/11/8, 6, 15
2022/11/9, 10, 14
2022/11/10, 11, 8
2022/11/11, 26, 9
2022/11/12, 23, 7
2022/11/13, 21, 6
2022/11/14, 12, 4
2022/11/15, 6, 30
2022/11/16, 21, 27
2022/11/17, 18, 27
2022/11/18, 17, 13
2022/11/19, 11, 12
2022/11/20, 9, 31
2022/11/21, 22, 22
2022/11/22, 15, 21
2022/11/23, 15, 18
2022/11/24, 14, 14
2022/11/25, 11, 12
2022/11/26, 9, 7
2022/11/27, 6, 15
2022/11/28, 11, 23
2022/11/29, 17, 29
2022/11/30, 22, 19
2022/12/1, 16, 10
2022/12/2, 11, 6
2022/12/3, 8, 5
2022/12/4, 7, 4
2022/12/5, 9, 6
2022/12/6, 12, 3
2022/12/7, 7, 3
2022/12/8, 5, 5
2022/12/9, 10, 4
2022/12/10, 12, 3
2022/12/11, 12, 6
2022/12/12, 14, 4
2022/12/13, 12, 5
2022/12/14, 13, 4
2022/12/15, 10, 2
2022/12/16, 4, 3
2022/12/17, 5, 2
2022/12/18, 5, 3
2022/12/19, 8, 2
2022/12/20, 4, 3
2022/12/21, 8, 4
2022/12/22, 9, 6
2022/12/23, 14, 4
2022/12/24, 8, 2
2022/12/25, 5, 2
2022/12/26, 4, 2
2022/12/27, 3, 4
2022/12/28, 9, 4
2022/12/29, 7, 3
2022/12/30, 6, 3
2022/12/31, 8, 8
2023/1/1, 21, 5
2022/7/1, 44, 14
2022/7/2, 44, 6
2022/7/3, 14, 7
2022/7/4, 11, 6
2022/7/5, 11, 4
2022/7/6, 6, 3
2022/7/7, 5, 5
2022/7/8, 10, 4
2022/7/9, 8, 7
2022/7/10, 16, 5
2022/7/11, 9, 5
2022/7/12, 9, 6
2022/7/13, 14, 5
2022/7/14, 13, 3
2022/7/15, 7, 2
2022/7/16, 5, 2
2022/7/17, 3, 3
2022/7/18, 6, 4
2022/7/19, 8, 6
2022/7/20, 13, 6
2022/7/21, 17, 4
2022/7/22, 8, 3
2022/7/23, 8, 3
2022/7/24, 7, 3
2022/7/25, 6, 5
2022/7/26, 10, 7
2022/7/27, 13, 3
2022/7/28, 4, 3
2022/7/29, 6, 3
2022/7/30, 7, 5
2022/7/31, 10, 6
2022/8/1, 15, 3
2022/8/2, 6, 3
2022/8/3, 5, 7
2022/8/4, 14, 5
2022/8/5, 8, 4
2022/8/6, 6, 5
2022/8/7, 10, 3
2022/8/8, 5, 5
2022/8/9, 13, 2
2022/8/10, 4, 10
2022/8/11, 28, 9
2022/8/12, 23, 5
2022/8/13, 11, 4
2022/8/14, 10, 6
2022/8/15, 16, 12
2022/8/16, 31, 6
2022/8/17, 14, 3
2022/8/18, 4, 4
2022/8/19, 10, 6
2022/8/20, 20, 8
2022/8/21, 26, 6
2022/8/22, 14, 6
2022/8/23, 12, 6
2022/8/24, 10, 7
2022/8/25, 13, 8
2022/8/26, 19, 4
2022/8/27, 10, 6
2022/8/28, 15, 4
2022/8/29, 8, 3
2022/8/30, 5, 3
2022/8/31, 5, 4
2022/9/1, 6, 3
2022/9/2, 4, 3
2022/9/3, 5, 2
2022/9/4, 5, 4
2022/9/5, 6, 5
2022/9/6, 8, 2
2022/9/7, 5, 3
2022/9/8, 5, 4
2022/9/9, 8, 3
2022/9/10, 8, 2
2022/9/11, 3, 3
2022/9/12, 6, 4
2022/9/13, 6, 3
2022/9/14, 5, 4
2022/9/15, 4, 4
2022/9/16, 4, 3
2022/9/17, 4, 3
2022/9/18, 7, 3
2022/9/19, 5, 7
2022/9/20, 10, 3
2022/9/21, 7, 4
2022/9/22, 5, 3
2022/9/23, 5, 3
2022/9/24, 6, 3
2022/9/25, 6, 5
2022/9/26, 10, 5
2022/9/27, 10, 4
2022/9/28, 10, 4
2022/9/29, 7, 36
2022/9/30, 18, 3
2022/4/1, 20, 7
2022/4/2, 14, 6
2022/4/3, 12, 15
2022/4/4, 12, 35
2022/4/5, 29, 38
2022/4/6, 32, 33
2022/4/7, 27, 36
2022/4/8, 27, 26
2022/4/9, 18, 5
2022/4/10, 7, 36
2022/4/11, 27, 26
2022/4/12, 24, 7
2022/4/13, 9, 7
2022/4/14, 8, 18
2022/4/15, 14, 3
2022/4/16, 6, 9
2022/4/17, 11, 16
2022/4/18, 23, 43
2022/4/19, 39, 69
2022/4/20, 55, 55
2022/4/21, 45, 25
2022/4/22, 23, 23
2022/4/23, 20, 26
2022/4/24, 23, 27
2022/4/25, 23, 15
2022/4/26, 14, 8
2022/4/27, 9, 11
2022/4/28, 11, 5
2022/4/29, 10, 10
2022/4/30, 11, 7
2022/5/1, 15, 11
2022/5/2, 19, 10
2022/5/3, 11, 35
2022/5/4, 26, 8
2022/5/5, 17, 7
2022/5/6, 14, 
2022/5/8, 10, 3
2022/5/9, 8, 6
2022/5/10, 7, 12
2022/5/11, 20, 17
2022/5/12, 16, 14
2022/5/13, 13, 8
2022/5/14, 10, 8
2022/5/15, 18, 18
2022/5/16, 22, 10
2022/5/17, 15, 16
2022/5/18, 24, 15
2022/5/19, 16, 11
2022/5/20, 17, 7
2022/5/21, 12, 8
2022/5/22, 21, 14
2022/5/23, 22, 13
2022/5/24, 16, 62
2022/5/25, 38, 6
2022/5/26, 13, 9
2022/5/27, 20, 13
2022/5/28, 31, 5
2022/5/29, 11, 9
2022/5/30, 16, 14
2022/5/31, 35, 12
2022/6/1, 23, 7
2022/6/2, 11, 15
2022/6/3, 22, 6
2022/6/4, 15, 9
2022/6/5, 21, 10
2022/6/6, 20, 11
2022/6/7, 22, 11
2022/6/8, 17, 7
2022/6/9, 12, 9
2022/6/10, 14, 7
2022/6/11, 17, 7
2022/6/12, 21, 7
2022/6/13, 16, 4
2022/6/14, 13, 10
2022/6/15, 25, 7
2022/6/16, 17, 6
2022/6/17, 13, 15
2022/6/18, 30, 15
2022/6/19, 37, 8
2022/6/20, 16, 5
2022/6/21, 11, 5
2022/6/22, 6, 13
2022/6/23, 30, 10
2022/6/24, 24, 8
2022/6/25, 20, 10
2022/6/26, 33, 18
2022/6/27, 47, 22
2022/6/28, 60, 10
2022/6/29, 25, 9
2022/6/30, 18, 14
2022/1/3, 5, 4
2022/1/4, 6, 5
2022/1/5, 10, 6
2022/1/6, 12, 4
2022/1/7, 10, 4
2022/1/8, 8, 3
2022/1/9, 9, 3
2022/1/10, 9, 5
2022/1/11, 9, 15
2022/1/12, 37, 11
2022/1/13, 26, 13
2022/1/14, 30, 7
2022/1/15, 17, 9
2022/1/16, 22, 6
2022/1/17, 13, 6
2022/1/18, 19, 7
2022/1/19, 16, 9
2022/1/20, 20, 5
2022/1/21, 12, 5
2022/1/22, 14, 15
2022/1/23, 43, 9
2022/1/24, 23, 6
2022/1/25, 13, 1
2022/1/26, 4, 3
2022/1/27, 8, 6
2022/1/28, 12, 3
2022/1/29, 6, 3
2022/1/30, 8, 3
2022/1/31, 7, 4
2022/2/1, 6, 2
2022/2/2, 8, 5
2022/2/3, 14, 6
2022/2/4, 18, 4
2022/2/5, 11, 4
2022/2/6, 9, 4
2022/2/7, 7, 4
2022/2/8, 9, 4
2022/2/9, 38, 6
2022/2/10, 14, 5
2022/2/11, 10, 5
2022/2/12, 10, 4
2022/2/13, 10, 8
2022/2/14, 15, 3
2022/2/15, 6, 2
2022/2/16, 5, 3
2022/2/17, 6, 4
2022/2/18, 10, 3
2022/2/19, 8, 5
2022/2/20, 13, 10
2022/2/21, 15, 5
2022/2/22, 11, 4
2022/2/23, 8, 5
2022/2/24, 11, 7
2022/2/25, 15, 4
2022/2/26, 8, 16
2022/2/27, 45, 14
2022/2/28, 33, 6
2022/3/1, 15, 14
2022/3/2, 33, 7
2022/3/3, 12, 16
2022/3/4, 13, 4
2022/3/5, 10, 9
2022/3/6, 21, 5
2022/3/7, 11, 3
2022/3/8, 8, 15
2022/3/9, 11, 13
2022/3/10, 18, 11
2022/3/11, 29, 21
2022/3/12, 25, 24
2022/3/13, 20, 39
2022/3/14, 30, 55
2022/3/15, 41, 38
2022/3/16, 33, 54
2022/3/17, 43, 11
2022/3/18, 28, 15
2022/3/19, 41, 30
2022/3/20, 45, 22
2022/3/21, 40, 23
2022/3/22, 46, 16
2022/3/23, 49, 21
2022/3/24, 17, 8
2022/3/25, 16, 27
2022/3/26, 21, 14
2022/3/27, 13, 4
2022/3/28, 8, 7
2022/3/29, 11, 9
2022/3/30, 12, 16
2022/3/31, 15, 24
2021/10/1, 10, 2
2021/10/2, 3, 3
2021/10/3, 8, 6
2021/10/4, 8, 5
2021/10/5, 11, 6
2021/10/6, 14, 5
2021/10/7, 9, 3
2021/10/8, 5, 3
2021/10/9, 8, 4
2021/10/10, 10, 4
2021/10/11, 9, 4
2021/10/12, 9, 7
2021/10/13, 7, 4
2021/10/14, 5, 3
2021/10/15, 5, 3
2021/10/16, 5, 3
2021/10/17, 7, 13
2021/10/18, 14, 29
2021/10/19, 21, 3
2021/10/20, 4, 3
2021/10/21, 4, 19
2021/10/22, 13, 22
2021/10/23, 20, 7
2021/10/24, 8, 1
2021/10/25, 3, 2
2021/10/26, 5, 8
2021/10/27, 7, 9
2021/10/28, 18, 9
2021/10/29, 19, 10
2021/10/30, 10, 5
2021/10/31, 10, 10
2021/11/1, 9, 37
2021/11/2, 32, 47
2021/11/3, 36, 6
2021/11/4, 14, 2
2021/11/5, 3, 4
2021/11/6, 8, 12
2021/11/7, 9, 42
2021/11/8, 28, 13
2021/11/9, 10, 8
2021/11/10, 20, 6
2021/11/11, 14, 6
2021/11/12, 11, 5
2021/11/13, 10, 4
2021/11/14, 6, 5
2021/11/15, 11, 4
2021/11/16, 9, 2
2021/11/17, 4, 5
2021/11/18, 11, 6
2021/11/19, 13, 6
2021/11/20, 12, 5
2021/11/21, 9, 2
2021/11/22, 4, 3
2021/11/23, 7, 5
2021/11/24, 10, 6
2021/11/25, 9, 3
2021/11/26, 8, 4
2021/11/27, 9, 3
2021/11/28, 8, 2
2021/11/29, 8, 3
2021/11/30, 8, 8
2021/12/1, 13, 10
2021/12/2, 21, 4
2021/12/3, 10, 3
2021/12/4, 8, 6
2021/12/5, 13, 6
2021/12/6, 13, 3
2021/12/7, 7, 4
2021/12/8, 11, 4
2021/12/9, 11, 4
2021/12/10, 10, 3
2021/12/11, 10, 3
2021/12/12, 9, 2
2021/12/13, 7, 3
2021/12/14, 5, 9
2021/12/15, 23, 11
2021/12/16, 24, 8
2021/12/17, 17, 15
2021/12/18, 38, 10
2021/12/19, 18, 27
2021/12/20, 21, 46
2021/12/21, 30, 40
2021/12/22, 32, 6
2021/12/23, 12, 5
2021/12/24, 18, 6
2021/12/25, 14, 5
2021/12/26, 14, 4
2021/12/27, 14, 2
2021/12/28, 5, 2
2021/12/29, 7, 2
2021/12/30, 7, 3
2021/12/31, 7, 4
2022/1/1, 13, 5
2022/1/2, 10, 2
2021/7/1, 12, 11
2021/7/2, 22, 11
2021/7/3, 31, 14
2021/7/4, 36, 16
2021/7/5, 36, 40
2021/7/6, 50, 14
2021/7/7, 40, 5
2021/7/8, 13, 9
2021/7/9, 22, 8
2021/7/10, 22, 8
2021/7/11, 20, 9
2021/7/12, 20, 13
2021/7/13, 24, 10
2021/7/14, 18, 11
2021/7/15, 24, 13
2021/7/16, 35, 9
2021/7/17, 24, 5
2021/7/18, 12, 7
2021/7/19, 18, 6
2021/7/20, 11, 8
2021/7/21, 24, 8
2021/7/22, 23, 3
2021/7/23, 7, 3
2021/7/24, 10, 8
2021/7/25, 22, 6
2021/7/26, 19, 11
2021/7/27, 36, 12
2021/7/28, 39, 11
2021/7/29, 31, 12
2021/7/30, 30, 5
2021/7/31, 12, 2
2021/8/1, 3, 4
2021/8/2, 6, 3
2021/8/3, 5, 4
2021/8/4, 8, 4
2021/8/5, 9, 5
2021/8/6, 13, 5
2021/8/7, 12, 5
2021/8/8, 10, 3
2021/8/9, 4, 3
2021/8/10, 9, 3
2021/8/11, 7, 4
2021/8/12, 8, 4
2021/8/13, 7, 4
2021/8/14, 12, 4
2021/8/15, 11, 7
2021/8/16, 13, 6
2021/8/17, 12, 6
2021/8/18, 14, 5
2021/8/19, 11, 7
2021/8/20, 15, 4
2021/8/21, 6, 2
2021/8/22, 5, 6
2021/8/23, 6, 3
2021/8/24, 6, 4
2021/8/25, 6, 6
2021/8/26, 13, 8
2021/8/27, 14, 6
2021/8/28, 15, 5
2021/8/29, 13, 6
2021/8/30, 12, 15
2021/8/31, 25, 5
2021/9/1, 9, 3
2021/9/2, 5, 5
2021/9/3, 9, 5
2021/9/4, 9, 4
2021/9/5, 10, 3
2021/9/6, 6, 3
2021/9/7, 9, 7
2021/9/8, 13, 6
2021/9/9, 8, 4
2021/9/10, 6, 4
2021/9/11, 6, 4
2021/9/12, 8, 7
2021/9/13, 11, 5
2021/9/14, 6, 5
2021/9/15, 6, 5
2021/9/16, 7, 4
2021/9/17, 6, 4
2021/9/18, 9, 4
2021/9/19, 10, 6
2021/9/20, 9, 4
2021/9/21, 5, 6
2021/9/22, 12, 10
2021/9/23, 17, 6
2021/9/24, 8, 2
2021/9/25, 4, 1
2021/9/26, 3, 3
2021/9/27, 4, 5
2021/9/28, 8, 5
2021/9/29, 33, 6
2021/9/30, 13, 5
2021/4/1, 16, 9
2021/4/2, 18, 7
2021/4/3, 19, 7
2021/4/4, 19, 5
2021/4/5, 11, 9
2021/4/6, 17, 7
2021/4/7, 16, 3
2021/4/8, 5, 9
2021/4/9, 8, 6
2021/4/10, 8, 7
2021/4/11, 16, 30
2021/4/12, 25, 38
2021/4/13, 29, 19
2021/4/14, 26, 13
2021/4/15, 30, 32
2021/4/16, 28, 27
2021/4/17, 22, 19
2021/4/18, 16, 47
2021/4/19, 38, 45
2021/4/20, 44, 20
2021/4/21, 20, 45
2021/4/22, 32, 23
2021/4/23, 19, 21
2021/4/24, 16, 8
2021/4/25, 9, 23
2021/4/26, 22, 10
2021/4/27, 10, 21
2021/4/28, 17, 16
2021/4/29, 16, 17
2021/4/30, 16, 4
2021/5/1, 9, 7
2021/5/2, 9, 24
2021/5/3, 19, 19
2021/5/4, 14, 16
2021/5/5, 15, 17
2021/5/6, 15, 19
2021/5/7, 19, 8
2021/5/8, 10, 5
2021/5/9, 8, 14
2021/5/10, 13, 9
2021/5/11, 8, 20
2021/5/12, 25, 11
2021/5/13, 19, 8
2021/5/14, 9, 8
2021/5/15, 19, 4
2021/5/16, 8, 4
2021/5/17, 7, 11
2021/5/18, 15, 7
2021/5/19, 13, 10
2021/5/20, 13, 8
2021/5/21, 11, 5
2021/5/22, 7, 3
2021/5/23, 6, 2
2021/5/24, 5, 7
2021/5/25, 11, 9
2021/5/26, 11, 8
2021/5/27, 13, 18
2021/5/28, 35, 15
2021/5/29, 40, 11
2021/5/30, 25, 6
2021/5/31, 10, 7
2021/6/1, 12, 8
2021/6/2, 10, 18
2021/6/3, 25, 13
2021/6/4, 26, 8
2021/6/5, 22, 8
2021/6/6, 19, 13
2021/6/7, 37, 14
2021/6/8, 44, 14
2021/6/9, 32, 12
2021/6/10, 22, 7
2021/6/11, 15, 7
2021/6/12, 17, 7
2021/6/13, 16, 7
2021/6/14, 12, 6
2021/6/15, 12, 8
2021/6/16, 10, 10
2021/6/17, 19, 6
2021/6/18, 18, 9
2021/6/19, 17, 6
2021/6/20, 11, 6
2021/6/21, 10, 7
2021/6/22, 13, 9
2021/6/23, 12, 13
2021/6/24, 26, 8
2021/6/25, 13, 6
2021/6/26, 14, 10
2021/6/27, 24, 22
2021/6/28, 48, 7
2021/6/29, 11, 11
2021/6/30, 14, 8
2021/1/4, 8, 2
2021/1/5, 5, 1
2021/1/6, 3, 27
2021/1/7, 18, 22
2021/1/8, 20, 21
2021/1/9, 17, 5
2021/1/10, 6, 19
2021/1/11, 17, 17
2021/1/12, 16, 20
2021/1/13, 22, 7
2021/1/14, 17, 4
2021/1/15, 9, 2
2021/1/16, 6, 2
2021/1/17, 5, 3
2021/1/18, 6, 2
2021/1/19, 4, 7
2021/1/20, 6, 10
2021/1/21, 13, 12
2021/1/22, 18, 
2021/2/16, 4, 6
2021/2/17, 10, 4
2021/2/18, 7, 4
2021/2/19, 8, 5
2021/2/20, 13, 6
2021/2/21, 16, 5
2021/2/22, 17, 5
2021/2/23, 17, 6
2021/2/24, 12, 9
2021/2/25, 27, 5
2021/2/26, 10, 9
2021/2/27, 25, 9
2021/2/28, 29, 13
2021/3/1, 32, 11
2021/3/2, 28, 9
2021/3/3, 19, 5
2021/3/4, 10, 3
2021/3/5, 7, 4
2021/3/6, 8, 5
2021/3/7, 10, 2
2021/3/8, 7, 2
2021/3/9, 5, 5
2021/3/10, 11, 6
2021/3/11, 16, 5
2021/3/12, 16, 3
2021/3/13, 10, 2
2021/3/14, 8, 6
2021/3/15, 15, 5
2021/3/16, 14, 5
2021/3/17, 12, 8
2021/3/18, 11, 5
2021/3/19, 11, 13
2021/3/20, 32, 6
2021/3/21, 13, 3
2021/3/22, 8, 12
2021/3/23, 32, 15
2021/3/24, 41, 15
2021/3/25, 18, 26
2021/3/26, 41, 4
2021/3/27, 6, 9
2021/3/28, 10, 12
2021/3/29, 10, 9
2021/3/30, 24, 12
2021/3/31, 23, 6
2020/10/1, 16, 7
2020/10/2, 13, 44
2020/10/3, 68, 19
2020/10/4, 46, 11
2020/10/5, 23, 4
2020/10/6, 4, 4
2020/10/7, 5, 12
2020/10/8, 13, 8
2020/10/9, 10, 3
2020/10/10, 7, 5
2020/10/11, 8, 14
2020/10/12, 24, 6
2020/10/13, 9, 3
2020/10/14, 7, 5
2020/10/15, 11, 3
2020/10/16, 6, 4
2020/10/17, 7, 12
2020/10/18, 9, 30
2020/10/19, 22, 21
2020/10/20, 15, 12
2020/10/21, 9, 28
2020/10/22, 20, 2
2020/10/23, 5, 2
2020/10/24, 7, 4
2020/10/25, 5, 13
2020/10/26, 10, 32
2020/10/27, 23, 23
2020/10/28, 14, 10
2020/10/29, 9, 24
2020/10/30, 19, 3
2020/10/31, 5, 8
2020/11/1, 7, 11
2020/11/2, 10, 5
2020/11/3, 12, 4
2020/11/4, 6, 14
2020/11/5, 36, 21
2020/11/6, 53, 8
2020/11/7, 21, 5
2020/11/8, 11, 16
2020/11/9, 30, 24
2020/11/10, 28, 3
2020/11/11, 5, 32
2020/11/12, 27, 20
2020/11/13, 14, 6
2020/11/14, 6, 8
2020/11/15, 6, 12
2020/11/16, 10, 18
2020/11/17, 15, 9
2020/11/18, 21, 4
2020/11/19, 9, 6
2020/11/20, 14, 2
2020/11/21, 5, 2
2020/11/22, 4, 5
2020/11/23, 10, 3
2020/11/24, 7, 2
2020/11/25, 4, 3
2020/11/26, 7, 3
2020/11/27, 7, 3
2020/11/28, 4, 3
2020/11/29, 5, 7
2020/11/30, 6, 5
2020/12/1, 10, 8
2020/12/2, 7, 16
2020/12/3, 12, 29
2020/12/4, 23, 4
2020/12/5, 6, 2
2020/12/6, 4, 14
2020/12/7, 11, 13
2020/12/8, 11, 26
2020/12/9, 22, 10
2020/12/10, 9, 20
2020/12/11, 13, 21
2020/12/12, 16, 15
2020/12/13, 13, 27
2020/12/14, 20, 31
2020/12/15, 21, 27
2020/12/16, 18, 25
2020/12/17, 16, 20
2020/12/18, 14, 10
2020/12/19, 7, 1
2020/12/20, 3, 3
2020/12/21, 5, 41
2020/12/22, 23, 21
2020/12/23, 15, 2
2020/12/24, 8, 2
2020/12/25, 5, 9
2020/12/26, 9, 10
2020/12/27, 11, 9
2020/12/28, 9, 8
2020/12/29, 9, 9
2020/12/30, 8, 10
2020/12/31, 11, 4
2021/1/1, 8, 4
2021/1/2, 9, 2
2021/1/3, 8, 3
2020/7/1, 10, 5
2020/7/2, 6, 3
2020/7/3, 4, 2
2020/7/4, 4, 2
2020/7/5, 4, 7
2020/7/6, 10, 10
2020/7/7, 11, 5
2020/7/8, 5, 6
2020/7/9, 8, 8
2020/7/10, 12, 6
2020/7/11, 11, 6
2020/7/12, 8, 5
2020/7/13, 8, 5
2020/7/14, 7, 5
2020/7/15, 9, 5
2020/7/16, 12, 4
2020/7/17, 13, 7
2020/7/18, 16, 7
2020/7/19, 15, 6
2020/7/20, 13, 3
2020/7/21, 7, 3
2020/7/22, 6, 4
2020/7/23, 8, 3
2020/7/24, 5, 2
2020/7/25, 6, 3
2020/7/26, 5, 6
2020/7/27, 11, 4
2020/7/28, 9, 5
2020/7/29, 14, 5
2020/7/30, 15, 7
2020/7/31, 23, 6
2020/8/1, 21, 6
2020/8/2, 19, 7
2020/8/3, 16, 4
2020/8/4, 7, 4
2020/8/5, 6, 4
2020/8/6, 7, 4
2020/8/7, 9, 4
2020/8/8, 11, 8
2020/8/9, 18, 6
2020/8/10, 10, 5
2020/8/11, 9, 7
2020/8/12, 13, 6
2020/8/13, 14, 7
2020/8/14, 13, 7
2020/8/15, 17, 9
2020/8/16, 16, 9
2020/8/17, 16, 6
2020/8/18, 9, 4
2020/8/19, 7, 4
2020/8/20, 5, 7
2020/8/21, 15, 5
2020/8/22, 15, 4
2020/8/23, 9, 4
2020/8/24, 6, 4
2020/8/25, 4, 3
2020/8/26, 5, 3
2020/8/27, 3, 2
2020/8/28, 2, 2
2020/8/29, 3, 2
2020/8/30, 3, 3
2020/8/31, 5, 7
2020/9/1, 9, 9
2020/9/2, 10, 5
2020/9/3, 10, 4
2020/9/4, 10, 5
2020/9/5, 13, 5
2020/9/6, 12, 6
2020/9/7, 8, 5
2020/9/8, 9, 6
2020/9/9, 14, 4
2020/9/10, 9, 3
2020/9/11, 6, 4
2020/9/12, 7, 4
2020/9/13, 9, 5
2020/9/14, 12, 4
2020/9/15, 8, 4
2020/9/16, 7, 4
2020/9/17, 4, 9
2020/9/18, 22, 6
2020/9/19, 10, 13
2020/9/20, 32, 10
2020/9/21, 29, 7
2020/9/22, 16, 5
2020/9/23, 10, 12
2020/9/24, 15, 5
2020/9/25, 12, 4
2020/9/26, 6, 2
2020/9/27, 4, 8
2020/9/28, 18, 17
2020/9/29, 34, 15
2020/9/30, 27, 8
2020/4/1, 16, 10
2020/4/2, 10, 4
2020/4/3, 6, 3
2020/4/4, 6, 4
2020/4/5, 7, 4
2020/4/6, 9, 13
2020/4/7, 33, 8
2020/4/8, 22, 7
2020/4/9, 13, 5
2020/4/10, 10, 8
2020/4/11, 10, 5
2020/4/12, 9, 10
2020/4/13, 20, 25
2020/4/14, 23, 7
2020/4/15, 18, 7
2020/4/16, 12, 13
2020/4/17, 20, 6
2020/4/18, 15, 3
2020/4/19, 7, 5
2020/4/20, 18, 23
2020/4/21, 23, 9
2020/4/22, 14, 3
2020/4/23, 8, 18
2020/4/24, 13, 21
2020/4/25, 24, 17
2020/4/26, 18, 32
2020/4/27, 20, 25
2020/4/28, 17, 26
2020/4/29, 19, 25
2020/4/30, 22, 9
2020/5/1, 13, 9
2020/5/2, 12, 3
2020/5/3, 5, 11
2020/5/4, 17, 7
2020/5/5, 14, 9
2020/5/6, 23, 14
2020/5/7, 24, 12
2020/5/8, 12, 6
2020/5/9, 8, 7
2020/5/10, 9, 8
2020/5/11, 12, 7
2020/5/12, 11, 2
2020/5/13, 5, 9
2020/5/14, 10, 3
2020/5/15, 6, 4
2020/5/16, 4, 4
2020/5/17, 5, 8
2020/5/18, 8, 10
2020/5/19, 8, 17
2020/5/20, 15, 5
2020/5/21, 9, 9
2020/5/22, 9, 6
2020/5/23, 10, 4
2020/5/24, 5, 8
2020/5/25, 12, 10
2020/5/26, 12, 12
2020/5/27, 29, 11
2020/5/28, 25, 10
2020/5/29, 28, 6
2020/5/30, 12, 3
2020/5/31, 8, 5
2020/6/1, 10, 9
2020/6/2, 17, 6
2020/6/3, 8, 7
2020/6/4, 13, 10
2020/6/5, 21, 4
2020/6/6, 9, 4
2020/6/7, 10, 4
2020/6/8, 9, 5
2020/6/9, 5, 8
2020/6/10, 11, 7
2020/6/11, 12, 7
2020/6/12, 9, 6
2020/6/13, 10, 7
2020/6/14, 20, 5
2020/6/15, 12, 8
2020/6/16, 16, 8
2020/6/17, 10, 13
2020/6/18, 21, 11
2020/6/19, 20, 9
2020/6/20, 17, 9
2020/6/21, 25, 16
2020/6/22, 39, 14
2020/6/23, 35, 26
2020/6/24, 34, 8
2020/6/25, 21, 11
2020/6/26, 27, 7
2020/6/27, 14, 6
2020/6/28, 11, 13
2020/6/29, 21, 10
2020/6/30, 17, 6
2020/1/1, 27, 13
2020/1/2, 34, 7
2020/1/3, 18, 7
2020/1/4, 14, 7
2020/1/5, 15, 10
2020/1/6, 25, 5
2020/1/7, 11, 8
2020/1/8, 21, 14
2020/1/9, 34, 5
2020/1/10, 11, 4
2020/1/11, 9, 10
2020/1/12, 26, 6
2020/1/13, 13, 2
2020/1/14, 4, 4
2020/1/15, 9, 3
2020/1/16, 6, 5
2020/1/17, 8, 12
2020/1/18, 10, 6
2020/1/19, 11, 14
2020/1/20, 37, 9
2020/1/21, 24, 7
2020/1/22, 13, 6
2020/1/23, 16, 5
2020/1/24, 12, 5
2020/1/25, 10, 2
2020/1/26, 5, 3
2020/1/27, 7, 4
2020/1/28, 9, 4
2020/1/29, 8, 7
2020/1/30, 10, 4
2020/1/31, 7, 2
2020/2/1, 3, 5
2020/2/2, 10, 5
2020/2/3, 10, 4
2020/2/4, 7, 6
2020/2/5, 13, 6
2020/2/6, 14, 2
2020/2/7, 7, 2
2020/2/8, 5, 3
2020/2/9, 5, 2
2020/2/10, 4, 6
2020/2/11, 11, 3
2020/2/12, 5, 5
2020/2/13, 10, 5
2020/2/14, 9, 2
2020/2/15, 5, 3
2020/2/16, 8, 2
2020/2/17, 4, 4
2020/2/18, 8, 5
2020/2/19, 10, 3
2020/2/20, 6, 3
2020/2/21, 5, 6
2020/2/22, 15, 8
2020/2/23, 18, 6
2020/2/24, 13, 5
2020/2/25, 8, 3
2020/2/26, 6, 12
2020/2/27, 10, 4
2020/2/28, 6, 4
2020/2/29, 8, 3
2020/3/1, 6, 4
2020/3/2, 7, 4
2020/3/3, 6, 5
2020/3/4, 8, 4
2020/3/5, 7, 4
2020/3/6, 7, 3
2020/3/7, 5, 4
2020/3/8, 5, 3
2020/3/9, 8, 11
2020/3/10, 14, 18
2020/3/11, 13, 3
2020/3/12, 6, 4
2020/3/13, 7, 3
2020/3/14, 6, 7
2020/3/15, 14, 8
2020/3/16, 17, 4
2020/3/17, 8, 4
2020/3/18, 9, 6
2020/3/19, 11, 5
2020/3/20, 10, 5
2020/3/21, 10, 5
2020/3/22, 12, 5
2020/3/23, 9, 7
2020/3/24, 19, 6
2020/3/25, 13, 7
2020/3/26, 15, 6
2020/3/27, 16, 8
2020/3/28, 14, 4
2020/3/29, 8, 3
2020/3/30, 7, 11
2020/3/31, 28, 14
2024/12/31, , 3
2022/5/7, , 4
2021/2/15, , 3
2019/12/31, , 9