date, pm25, pm10, no2
2025/11/1, 15, 9, 
2025/11/2, 25, 4, 
2025/11/3, 13, 2, 
2025/11/4, 7, 2, 
2025/11/5, 7, 3, 
2025/11/6, 9, 2, 
2025/11/7, 7, 4, 
2025/11/8, 18, 6, 
2025/11/9, 15, 4, 
2025/11/10, 15, 9, 
2025/11/11, 37, 3, 
2025/11/12, 9, 1, 
2025/11/13, 3, , 
2025/10/1, 19, 6, 
2025/10/2, 10, 7, 
2025/10/3, 14, 10, 
2025/10/4, 14, 5, 
2025/10/5, 13, 9, 
2025/10/6, 16, 3, 
2025/10/7, 6, 14, 
2025/10/8, 21, 8, 
2025/10/9, 12, 4, 
2025/10/10, 12, 2, 
2025/10/11, 7, 3, 
2025/10/12, 10, 15, 
2025/10/13, 19, 14, 
2025/10/14, 15, 3, 
2025/10/15, 10, 3, 
2025/10/16, 12, 3, 
2025/10/17, 10, 3, 
2025/10/18, 10, 1, 
2025/10/19, 6, 4, 
2025/10/20, 14, 3, 
2025/10/21, 12, 1, 
2025/10/22, 4, 1, 
2025/10/23, 6, 2, 
2025/10/24, 6, 4, 
2025/10/25, 9, 2, 
2025/10/26, 7, 18, 
2025/10/27, 38, 14, 
2025/10/28, 25, 15, 
2025/10/29, 27, 4, 
2025/10/30, 13, 5, 
2025/10/31, 19, 6, 
2025/7/1, 11, 5, 
2025/7/2, 13, 5, 
2025/7/3, 16, 3, 
2025/7/4, 8, 3, 
2025/7/5, 9, 3, 
2025/7/6, 8, 9, 
2025/7/7, 25, 5, 
2025/7/8, 15, 6, 
2025/7/9, 14, 6, 
2025/7/10, 14, 3, 
2025/7/11, 10, 4, 
2025/7/12, 15, 4, 
2025/7/13, 16, 8, 
2025/7/14, 29, 7, 
2025/7/15, 27, 6, 
2025/7/16, 21, 8, 
2025/7/17, 23, 14, 
2025/7/18, 28, 12, 
2025/7/19, 51, 12, 
2025/7/20, 45, 11, 
2025/7/21, 43, 11, 
2025/7/22, 43, 8, 
2025/7/23, 33, 8, 
2025/7/24, 33, 9, 
2025/7/25, 32, 5, 
2025/7/26, 21, 4, 
2025/7/27, 16, 5, 
2025/7/28, 18, 4, 
2025/7/29, 16, 5, 
2025/7/30, 19, 8, 
2025/7/31, 31, 12, 
2025/8/1, 45, 11, 
2025/8/2, 40, 11, 
2025/8/3, 45, 9, 
2025/8/4, 16, 18, 
2025/8/5, 26, 11, 
2025/8/6, 12, 4, 
2025/8/7, 11, 6, 
2025/8/8, 13, 3, 
2025/8/9, 9, 3, 
2025/8/10, 10, 3, 
2025/8/11, 8, 4, 
2025/8/12, 11, 5, 
2025/8/13, 11, 3, 
2025/8/14, 11, 2, 
2025/8/15, 8, 2, 
2025/8/16, 7, 3, 
2025/8/17, 9, 2, 
2025/8/18, 5, 3, 
2025/8/19, 9, , 
2025/9/16, 12, 3, 
2025/9/17, 9, 4, 
2025/9/18, 7, 6, 
2025/9/19, 14, 5, 
2025/9/20, 13, 2, 
2025/9/21, 6, 2, 
2025/9/22, 8, 2, 
2025/9/23, 8, 1, 
2025/9/24, 5, 2, 
2025/9/25, 9, 6, 
2025/9/26, 17, 8, 
2025/9/27, 16, 8, 
2025/9/28, 16, 12, 
2025/9/29, 15, 12, 
2025/9/30, 21, 12, 
2025/4/1, 9, 5, 
2025/4/2, 17, 5, 
2025/4/3, 19, 25, 
2025/4/4, 21, 9, 
2025/4/5, 13, 10, 
2025/4/6, 15, 63, 
2025/4/7, 53, 9, 
2025/4/8, 16, 11, 
2025/4/9, 18, 3, 
2025/4/10, 8, 3, 
2025/4/11, 8, 2, 
2025/4/12, 6, 3, 
2025/4/13, 10, 3, 
2025/4/14, 9, 2, 
2025/4/15, 6, 7, 
2025/4/16, 12, 6, 
2025/4/17, 20, 3, 
2025/4/18, 10, 21, 
2025/4/19, 20, 14, 
2025/4/20, 19, 19, 
2025/4/21, 16, 53, 
2025/4/22, 39, 30, 
2025/4/23, 25, 45, 
2025/4/24, 35, 10, 
2025/4/25, 14, 40, 
2025/4/26, 31, 29, 
2025/4/27, 23, 2, 
2025/4/28, 7, 34, 
2025/4/29, 25, 64, 
2025/4/30, 47, 16, 
2025/5/1, 14, 14, 
2025/5/2, 15, 12, 
2025/5/3, 17, 19, 
2025/5/4, 21, 23, 
2025/5/5, 25, 34, 
2025/5/6, 30, 40, 
2025/5/7, 36, 25, 
2025/5/8, 26, 8, 
2025/5/9, 12, 12, 
2025/5/10, 14, 14, 
2025/5/11, 16, 20, 
2025/5/12, 23, 5, 
2025/5/13, 9, 11, 
2025/5/14, 16, 7, 
2025/5/15, 14, 9, 
2025/5/16, 12, 4, 
2025/5/17, 9, 7, 
2025/5/18, 17, 12, 
2025/5/19, 21, 6, 
2025/5/20, 12, 7, 
2025/5/21, 13, 13, 
2025/5/22, 33, 11, 
2025/5/23, 21, 29, 
2025/5/24, 28, 5, 
2025/5/25, 8, 15, 
2025/5/26, 18, 4, 
2025/5/27, 14, 5, 
2025/5/28, 13, 4, 
2025/5/29, 11, 5, 
2025/5/30, 11, 5, 
2025/5/31, 14, 4, 
2025/6/1, 11, 4, 
2025/6/2, 6, 5, 
2025/6/3, 10, 11, 
2025/6/4, 18, 9, 
2025/6/5, 25, 4, 
2025/6/6, 16, 5, 
2025/6/7, 15, 2, 
2025/6/8, 10, 4, 
2025/6/9, 11, 5, 
2025/6/10, 10, 3, 
2025/6/11, 11, 5, 
2025/6/12, 8, 8, 
2025/6/13, 14, 7, 
2025/6/14, 24, 4, 
2025/6/15, 14, 11, 
2025/6/16, 20, 7, 
2025/6/17, 30, 4, 
2025/6/18, 15, 7, 
2025/6/19, 18, 3, 
2025/6/20, 9, 5, 
2025/6/21, 13, 3, 
2025/6/22, 11, 7, 
2025/6/23, 20, 9, 
2025/6/24, 26, 8, 
2025/6/25, 27, 5, 
2025/6/26, 14, 7, 
2025/6/27, 19, 6, 
2025/6/28, 16, 4, 
2025/6/29, 12, 5, 
2025/6/30, 16, 4, 
2025/1/1, 30, 10, 
2025/1/2, 37, 5, 
2025/1/3, 20, 6, 
2025/1/4, 26, 14, 
2025/1/5, 49, 14, 
2025/1/6, 50, 5, 
2025/1/7, 22, 4, 
2025/1/8, 12, 8, 
2025/1/9, 31, 3, 
2025/1/10, 15, 3, 
2025/1/11, 12, 3, 
2025/1/12, 11, 1, 
2025/1/13, 3, 5, 
2025/1/14, 17, 1, 
2025/1/15, 5, 3, 
2025/1/16, 10, 2, 
2025/1/17, 6, 4, 
2025/1/18, 12, 4, 
2025/1/19, 11, 4, 
2025/1/20, 9, 5, 
2025/1/21, 13, 14, 
2025/1/22, 46, 4, 
2025/1/23, 15, 8, 
2025/1/24, 32, 3, 
2025/1/25, 8, , 
2025/1/27, 8, 5, 
2025/1/28, 7, 9, 
2025/1/29, 29, 6, 
2025/1/30, 15, 3, 
2025/1/31, 10, 4, 
2025/2/1, 14, 5, 
2025/2/2, 18, 20, 
2025/2/3, 23, 12, 
2025/2/4, 17, 3, 
2025/2/5, 10, 3, 
2025/2/6, 13, 4, 
2025/2/7, 16, 15, 
2025/2/8, 26, 4, 
2025/2/9, 9, 4, 
2025/2/10, 13, 2, 
2025/2/11, 6, 2, 
2025/2/12, 8, 3, 
2025/2/13, 11, 2, 
2025/2/14, 8, 2, 
2025/2/15, 10, 1, 
2025/2/16, 5, 3, 
2025/2/17, 9, 4, 
2025/2/18, 12, 3, 
2025/2/19, 11, 1, 
2025/2/20, 6, 3, 
2025/2/21, 8, 2, 
2025/2/22, 7, 2, 
2025/2/23, 9, 5, 
2025/2/24, 6, 4, 
2025/2/25, 8, 46, 
2025/2/26, 34, 2, 
2025/2/27, 5, 2, 
2025/2/28, 6, 2, 
2025/3/1, 7, 2, 
2025/3/2, 8, 5, 
2025/3/3, 17, 5, 
2025/3/4, 15, 3, 
2025/3/5, 10, 4, 
2025/3/6, 12, 6, 
2025/3/7, 15, 2, 
2025/3/8, 7, 4, 
2025/3/9, 13, 3, 
2025/3/10, 8, 5, 
2025/3/11, 19, 18, 
2025/3/12, 23, 5, 
2025/3/13, 10, 2, 
2025/3/14, 7, 6, 
2025/3/15, 11, 6, 
2025/3/16, 13, 2, 
2025/3/17, 8, 3, 
2025/3/18, 8, 3, 
2025/3/19, 10, 3, 
2025/3/20, 9, 2, 
2025/3/21, 7, 2, 
2025/3/22, 8, 8, 
2025/3/23, 27, 9, 
2025/3/24, 18, 2, 
2025/3/25, 8, 1, 
2025/3/26, 4, 1, 
2025/3/27, 6, 2, 
2025/3/28, 8, 2, 
2025/3/29, 8, , 
2025/3/31, 11, 4, 
2024/10/1, 7, 5, 
2024/10/2, 8, 2, 
2024/10/3, 6, 2, 
2024/10/4, 6, 3, 
2024/10/5, 11, 2, 
2024/10/6, 8, 11, 
2024/10/7, 17, 3, 
2024/10/8, 6, 2, 
2024/10/9, 8, 5, 
2024/10/10, 6, 2, 
2024/10/11, 6, 1, 
2024/10/12, 3, 2, 
2024/10/13, 4, 4, 
2024/10/14, 9, 2, 
2024/10/15, 8, 2, 
2024/10/16, 8, 6, 
2024/10/17, 12, 4, 
2024/10/18, 7, 12, 
2024/10/19, 33, 3, 
2024/10/20, 10, 3, 
2024/10/21, 11, 3, 
2024/10/22, 10, 1, 
2024/10/23, 6, 2, 
2024/10/24, 7, 4, 
2024/10/25, 11, 5, 
2024/10/26, 12, 2, 
2024/10/27, 4, 2, 
2024/10/28, 6, 2, 
2024/10/29, 6, 4, 
2024/10/30, 9, 3, 
2024/10/31, 14, 3, 
2024/11/1, 9, 2, 
2024/11/2, 9, 2, 
2024/11/3, 9, 4, 
2024/11/4, 15, 3, 
2024/11/5, 14, 4, 
2024/11/6, 15, 2, 
2024/11/7, 5, 3, 
2024/11/8, 11, 6, 
2024/11/9, 21, 9, 
2024/11/10, 27, 4, 
2024/11/11, 16, 2, 
2024/11/12, 6, 2, 
2024/11/13, 8, 2, 
2024/11/14, 8, 3, 
2024/11/15, 12, 2, 
2024/11/16, 9, 2, 
2024/11/17, 5, 4, 
2024/11/18, 12, 22, 
2024/11/19, 16, 32, 
2024/11/20, 26, 17, 
2024/11/21, 16, 10, 
2024/11/22, 10, 2, 
2024/11/23, 5, 5, 
2024/11/24, 18, 3, 
2024/11/25, 10, 3, 
2024/11/26, 10, 3, 
2024/11/27, 13, 1, 
2024/11/28, 3, 6, 
2024/11/29, 14, 3, 
2024/11/30, 12, 1, 
2024/12/1, 5, 3, 
2024/12/2, 13, 3, 
2024/12/3, 13, 3, 
2024/12/4, 13, 3, 
2024/12/5, 9, 3, 
2024/12/6, 9, 2, 
2024/12/7, 6, 5, 
2024/12/8, 14, 3, 
2024/12/9, 10, 1, 
2024/12/10, 6, 7, 
2024/12/11, 11, 5, 
2024/12/12, 12, 3, 
2024/12/13, 11, 2, 
2024/12/14, 9, 4, 
2024/12/15, 7, 4, 
2024/12/16, 17, 4, 
2024/12/17, 12, 10, 
2024/12/18, 33, 4, 
2024/12/19, 9, 9, 
2024/12/20, 20, 11, 
2024/12/21, 43, 5, 
2024/12/22, 22, 7, 
2024/12/23, 26, 1, 
2024/12/24, 4, 6, 
2024/12/25, 21, 4, 
2024/12/26, 14, 6, 
2024/12/27, 24, 3, 
2024/12/28, 12, 1, 
2024/12/29, 4, , 
2024/7/23, 26, 3, 
2024/7/24, 8, 5, 
2024/7/25, 17, 9, 
2024/7/26, 21, 6, 
2024/7/27, 21, 3, 
2024/7/28, 13, 6, 
2024/7/29, 20, 6, 
2024/7/30, 20, 7, 
2024/7/31, 20, 7, 
2024/8/1, 22, 7, 
2024/8/2, 25, 14, 
2024/8/3, 52, 14, 
2024/8/4, 46, 16, 
2024/8/5, 37, 14, 
2024/8/6, 32, 21, 
2024/8/7, 29, 23, 
2024/8/8, 30, 5, 
2024/8/9, 14, 6, 
2024/8/10, 16, 2, 
2024/8/11, 10, 6, 
2024/8/12, 18, 11, 
2024/8/13, 26, 21, 
2024/8/14, 34, 8, 
2024/8/15, 26, 6, 
2024/8/16, 21, 5, 
2024/8/17, 11, 3, 
2024/8/18, 12, 3, 
2024/8/19, 9, 6, 
2024/8/20, 11, 7, 
2024/8/21, 19, 5, 
2024/8/22, 15, 9, 
2024/8/23, 17, 3, 
2024/8/24, 9, 3, 
2024/8/25, 9, 5, 
2024/8/26, 19, , 
2024/8/28, 18, 9, 
2024/8/29, 17, 8, 
2024/8/30, 26, 7, 
2024/8/31, 27, 12, 
2024/9/1, 43, 12, 
2024/9/2, 32, 21, 
2024/9/3, 23, 8, 
2024/9/4, 14, 8, 
2024/9/5, 22, 11, 
2024/9/6, 14, 4, 
2024/9/7, 10, 16, 
2024/9/8, 49, 23, 
2024/9/9, 55, 22, 
2024/9/10, 49, 6, 
2024/9/11, 11, 7, 
2024/9/12, 11, 3, 
2024/9/13, 6, 3, 
2024/9/14, 8, 3, 
2024/9/15, 7, 6, 
2024/9/16, 11, 3, 
2024/9/17, 6, 2, 
2024/9/18, 4, 2, 
2024/9/19, 7, 2, 
2024/9/20, 7, 1, 
2024/9/21, 4, 1, 
2024/9/22, 6, 1, 
2024/9/23, 4, 1, 
2024/9/24, 4, 3, 
2024/9/25, 5, 2, 
2024/9/26, 7, 8, 
2024/9/27, 18, 4, 
2024/9/28, 10, 1, 
2024/9/29, 4, 2, 
2024/9/30, 6, 2, 
2024/4/1, 8, 37, 
2024/4/2, 30, 7, 
2024/4/3, 10, 48, 
2024/4/4, 34, 48, 
2024/4/5, 35, 29, 
2024/4/6, 27, 9, 
2024/4/7, 15, 2, 
2024/4/8, 7, 9, 
2024/4/9, 18, 9, 
2024/4/10, 15, 4, 
2024/4/11, 8, 21, 
2024/4/12, 20, 1, 
2024/4/13, 3, 10, 
2024/4/14, 14, 26, 
2024/4/15, 27, 21, 
2024/4/16, 23, 43, 
2024/4/17, 35, 48, 
2024/4/18, 47, 51, 
2024/4/19, 39, 46, 
2024/4/20, 34, 44, 
2024/4/21, 35, 56, 
2024/4/22, 42, 42, 
2024/4/23, 35, 21, 
2024/4/24, 24, 44, 
2024/4/25, 36, 28, 
2024/4/26, 27, 23, 
2024/4/27, 32, 15, 
2024/4/28, 18, 48, 
2024/4/29, 35, 35, 
2024/4/30, 33, 9, 
2024/5/1, 18, 9, 
2024/5/2, 25, 38, 
2024/5/3, 47, 13, 
2024/5/4, 16, 9, 
2024/5/5, 14, 19, 
2024/5/6, 19, 42, 
2024/5/7, 33, 41, 
2024/5/8, 36, 8, 
2024/5/9, 14, 15, 
2024/5/10, 16, 13, 
2024/5/11, 16, 1, 
2024/5/12, 5, 12, 
2024/5/13, 22, 33, 
2024/5/14, 38, 19, 
2024/5/15, 19, 7, 
2024/5/16, 12, 55, 
2024/5/17, 45, 10, 
2024/5/18, 24, 1, 
2024/5/19, 5, 7, 
2024/5/20, 14, 11, 
2024/5/21, 12, 16, 
2024/5/22, 18, 33, 
2024/5/23, 36, 11, 
2024/5/24, 21, 6, 
2024/5/25, 14, 5, 
2024/5/26, 11, 27, 
2024/5/27, 34, 22, 
2024/5/28, 57, 14, 
2024/5/29, 51, 23, 
2024/5/30, 51, 10, 
2024/5/31, 31, 9, 
2024/6/1, 35, 5, 
2024/6/2, 20, 25, 
2024/6/3, 37, 15, 
2024/6/4, 22, 26, 
2024/6/5, 27, 14, 
2024/6/6, 24, 6, 
2024/6/7, 19, 5, 
2024/6/8, 17, 7, 
2024/6/9, 27, 15, 
2024/6/10, 27, 12, 
2024/6/11, 45, 8, 
2024/6/12, 31, 9, 
2024/6/13, 27, 10, 
2024/6/14, 34, 12, 
2024/6/15, 42, 8, 
2024/6/16, 35, 15, 
2024/6/17, 26, 11, 
2024/6/18, 22, 10, 
2024/6/19, 29, 11, 
2024/6/20, 15, 9, 
2024/6/21, 11, 5, 
2024/6/22, 14, 5, 
2024/6/23, 14, 9, 
2024/6/24, 15, 1, 
2024/6/25, 5, , 
2024/1/1, 56, 17, 
2024/1/2, 58, 23, 
2024/1/3, 68, 19, 
2024/1/4, 60, 12, 
2024/1/5, 42, 6, 
2024/1/6, 22, 2, 
2024/1/7, 8, 4, 
2024/1/8, 14, 2, 
2024/1/9, 8, 2, 
2024/1/10, 7, 3, 
2024/1/11, 11, 2, 
2024/1/12, 7, 2, 
2024/1/13, 7, 3, 
2024/1/14, 11, 5, 
2024/1/15, 18, 2, 
2024/1/16, 6, 11, 
2024/1/17, 38, 14, 
2024/1/18, 45, 24, 
2024/1/19, 75, 9, 
2024/1/20, 37, 6, 
2024/1/21, 17, 4, 
2024/1/22, 13, 3, 
2024/1/23, 13, 8, 
2024/1/24, 34, 13, 
2024/1/25, 47, 5, 
2024/1/26, 18, 2, 
2024/1/27, 7, 4, 
2024/1/28, 12, 6, 
2024/1/29, 19, 3, 
2024/1/30, 12, 3, 
2024/1/31, 10, 3, 
2024/2/1, 10, 5, 
2024/2/2, 21, 5, 
2024/2/3, 18, 1, 
2024/2/4, 3, 7, 
2024/2/5, 28, 13, 
2024/2/6, 48, 11, 
2024/2/7, 44, 2, 
2024/2/8, 9, 2, 
2024/2/9, 7, 5, 
2024/2/10, 20, 4, 
2024/2/11, 14, 6, 
2024/2/12, 25, 3, 
2024/2/13, 10, 6, 
2024/2/14, 14, 6, 
2024/2/15, 14, 3, 
2024/2/16, 10, 2, 
2024/2/17, 7, 4, 
2024/2/18, 18, 2, 
2024/2/19, 7, 1, 
2024/2/20, 5, 3, 
2024/2/21, 11, 5, 
2024/2/22, 16, 7, 
2024/2/23, 20, 1, 
2024/2/24, 3, 1, 
2024/2/25, 3, 2, 
2024/2/26, 7, 7, 
2024/2/27, 8, 1, 
2024/2/28, 4, 4, 
2024/2/29, 8, 4, 
2024/3/1, 12, 6, 
2024/3/2, 17, 4, 
2024/3/3, 17, 5, 
2024/3/4, 16, 12, 
2024/3/5, 30, 13, 
2024/3/6, 39, 13, 
2024/3/7, 42, 10, 
2024/3/8, 39, 10, 
2024/3/9, 41, 8, 
2024/3/10, 28, 8, 
2024/3/11, 30, 5, 
2024/3/12, 20, 5, 
2024/3/13, 9, 5, 
2024/3/14, 9, 4, 
2024/3/15, 9, 4, 
2024/3/16, 7, 2, 
2024/3/17, 6, 1, 
2024/3/18, 4, 5, 
2024/3/19, 17, 5, 
2024/3/20, 17, 7, 
2024/3/21, 23, 5, 
2024/3/22, 12, 7, 
2024/3/23, 12, 4, 
2024/3/24, 13, 3, 
2024/3/25, 10, 2, 
2024/3/26, 7, 3, 
2024/3/27, 10, 4, 
2024/3/28, 16, 4, 
2024/3/29, 8, 6, 
2024/3/30, 13, 3, 
2024/3/31, 10, 4, 
2023/10/1, 6, 4, 
2023/10/2, 12, 7, 
2023/10/3, 20, 7, 
2023/10/4, 11, 2, 
2023/10/5, 6, 2, 
2023/10/6, 8, 1, 
2023/10/7, 6, 2, 
2023/10/8, 8, 18, 
2023/10/9, 28, 19, 
2023/10/10, 21, 2, 
2023/10/11, 6, 27, 
2023/10/12, 29, 28, 
2023/10/13, 42, 17, 
2023/10/14, 18, 5, 
2023/10/15, 9, 3, 
2023/10/16, 12, 6, 
2023/10/17, 23, 5, 
2023/10/18, 20, 10, 
2023/10/19, 28, 8, 
2023/10/20, 25, 10, 
2023/10/21, 28, 6, 
2023/10/22, 26, 10, 
2023/10/23, 27, 27, 
2023/10/24, 28, 3, 
2023/10/25, 11, 5, 
2023/10/26, 21, 2, 
2023/10/27, 9, 7, 
2023/10/28, 26, 9, 
2023/10/29, 35, 3, 
2023/10/30, 13, 7, 
2023/10/31, 26, 11, 
2023/11/1, 42, 13, 
2023/11/2, 48, 5, 
2023/11/3, 21, 4, 
2023/11/4, 7, 5, 
2023/11/5, 16, 8, 
2023/11/6, 29, 4, 
2023/11/7, 13, 9, 
2023/11/8, 32, 11, 
2023/11/9, 42, 4, 
2023/11/10, 16, 15, 
2023/11/11, 54, 9, 
2023/11/12, 29, 11, 
2023/11/13, 39, 15, 
2023/11/14, 52, 5, 
2023/11/15, 22, 4, 
2023/11/16, 15, 5, 
2023/11/17, 15, 3, 
2023/11/18, 10, 9, 
2023/11/19, 34, 14, 
2023/11/20, 48, 4, 
2023/11/21, 18, 3, 
2023/11/22, 8, 4, 
2023/11/23, 12, 2, 
2023/11/24, 9, 12, 
2023/11/25, 43, 12, 
2023/11/26, 42, 10, 
2023/11/27, 37, 9, 
2023/11/28, 31, 3, 
2023/11/29, 8, 8, 
2023/11/30, 26, 10, 
2023/12/1, 39, 9, 
2023/12/2, 35, 12, 
2023/12/3, 46, 8, 
2023/12/4, 33, 4, 
2023/12/5, 17, 3, 
2023/12/6, 9, 3, 
2023/12/7, 8, 2, 
2023/12/8, 7, 3, 
2023/12/9, 12, 5, 
2023/12/10, 11, 11, 
2023/12/11, 43, 12, 
2023/12/12, 44, 5, 
2023/12/13, 20, 3, 
2023/12/14, 8, 4, 
2023/12/15, 10, 3, 
2023/12/16, 9, 3, 
2023/12/17, 12, 4, 
2023/12/18, 15, 2, 
2023/12/19, 8, 5, 
2023/12/20, 17, 8, 
2023/12/21, 30, 7, 
2023/12/22, 31, 16, 
2023/12/23, 57, 6, 
2023/12/24, 24, 10, 
2023/12/25, 38, 4, 
2023/12/26, 20, 3, 
2023/12/27, 12, 6, 
2023/12/28, 28, 7, 
2023/12/29, 31, 6, 
2023/12/30, 23, 11, 
2023/12/31, 40, 18, 
2023/7/1, 21, 9, 
2023/7/2, 15, 5, 
2023/7/3, 7, 6, 
2023/7/4, 11, 6, 
2023/7/5, 24, 4, 
2023/7/6, 14, 7, 
2023/7/7, 22, 9, 
2023/7/8, 33, 4, 
2023/7/9, 18, 5, 
2023/7/10, 18, 8, 
2023/7/11, 27, 15, 
2023/7/12, 32, 11, 
2023/7/13, 25, 11, 
2023/7/14, 31, 3, 
2023/7/15, 8, 4, 
2023/7/16, 13, 3, 
2023/7/17, 9, 4, 
2023/7/18, 16, 4, 
2023/7/19, 15, 5, 
2023/7/20, 19, 8, 
2023/7/21, 30, 5, 
2023/7/22, 21, 5, 
2023/7/23, 21, 6, 
2023/7/24, 25, 8, 
2023/7/25, 31, 9, 
2023/7/26, 37, 6, 
2023/7/27, 25, 6, 
2023/7/28, 19, 2, 
2023/7/29, 9, 4, 
2023/7/30, 17, 7, 
2023/7/31, 21, 7, 
2023/8/1, 20, 5, 
2023/8/2, 16, 8, 
2023/8/3, 15, 4, 
2023/8/4, 9, 5, 
2023/8/5, 10, 3, 
2023/8/6, 10, 4, 
2023/8/7, 15, 12, 
2023/8/8, 37, 10, 
2023/8/9, 23, 8, 
2023/8/10, 19, 5, 
2023/8/11, 14, 3, 
2023/8/12, 11, 3, 
2023/8/13, 10, 4, 
2023/8/14, 15, 3, 
2023/8/15, 11, 4, 
2023/8/16, 13, 5, 
2023/8/17, 11, 4, 
2023/8/18, 9, 2, 
2023/8/19, 6, 4, 
2023/8/20, 12, 5, 
2023/8/21, 17, 2, 
2023/8/22, 9, 4, 
2023/8/23, 13, 7, 
2023/8/24, 24, 7, 
2023/8/25, 25, 6, 
2023/8/26, 24, 8, 
2023/8/27, 29, 11, 
2023/8/28, 25, 5, 
2023/8/29, 20, 4, 
2023/8/30, 15, 6, 
2023/8/31, 21, 6, 
2023/9/1, 22, 5, 
2023/9/2, 19, 3, 
2023/9/3, 12, 4, 
2023/9/4, 12, 3, 
2023/9/5, 9, 4, 
2023/9/6, 9, 5, 
2023/9/7, 12, 2, 
2023/9/8, 7, 3, 
2023/9/9, 12, 6, 
2023/9/10, 20, 3, 
2023/9/11, 9, 2, 
2023/9/12, 7, 3, 
2023/9/13, 7, 6, 
2023/9/14, 11, 6, 
2023/9/15, 15, 2, 
2023/9/16, 7, , 
2023/9/19, 11, 4, 
2023/9/20, 8, 6, 
2023/9/21, 8, 2, 
2023/9/22, 6, 1, 
2023/9/23, 5, 2, 
2023/9/24, 7, 2, 
2023/9/25, 8, 3, 
2023/9/26, 12, 15, 
2023/9/27, 35, 7, 
2023/9/28, 17, 3, 
2023/9/29, 11, 7, 
2023/9/30, 22, 2, 
2023/4/1, 12, 6, 
2023/4/2, 17, 9, 
2023/4/3, 11, 4, 
2023/4/4, 15, , 
2023/4/11, 32, 31, 
2023/4/12, 31, 51, 
2023/4/13, 42, 89, 
2023/4/14, 67, 64, 
2023/4/15, 55, 41, 
2023/4/16, 46, 29, 
2023/4/17, 26, 22, 
2023/4/18, 26, 2, 
2023/4/19, 6, 27, 
2023/4/20, 33, 4, 
2023/4/21, 10, 18, 
2023/4/22, 21, 38, 
2023/4/23, 28, 62, 
2023/4/24, 43, 35, 
2023/4/25, 28, 28, 
2023/4/26, 23, 8, 
2023/4/27, 30, 3, 
2023/4/28, 13, 2, 
2023/4/29, 10, 11, 
2023/4/30, 13, 24, 
2023/5/1, 20, 30, 
2023/5/2, 29, 28, 
2023/5/3, 27, 36, 
2023/5/4, 32, 42, 
2023/5/5, 39, 34, 
2023/5/6, 32, 27, 
2023/5/7, 30, 27, 
2023/5/8, 30, 46, 
2023/5/9, 44, 6, 
2023/5/10, 20, 12, 
2023/5/11, 21, 11, 
2023/5/12, 13, 24, 
2023/5/13, 22, 10, 
2023/5/14, 14, 35, 
2023/5/15, 44, 13, 
2023/5/16, 21, 4, 
2023/5/17, 12, 5, 
2023/5/18, 13, 8, 
2023/5/19, 11, 9, 
2023/5/20, 16, 4, 
2023/5/21, 10, 14, 
2023/5/22, 18, 14, 
2023/5/23, 27, 6, 
2023/5/24, 17, 4, 
2023/5/25, 10, 1, 
2023/5/26, 4, 8, 
2023/5/27, 15, 2, 
2023/5/28, 3, 4, 
2023/5/29, 11, 8, 
2023/5/30, 14, 3, 
2023/5/31, 8, 4, 
2023/6/1, 9, 6, 
2023/6/2, 9, 2, 
2023/6/3, 5, 1, 
2023/6/4, 4, 2, 
2023/6/5, 6, 3, 
2023/6/6, 7, 1, 
2023/6/7, 4, 11, 
2023/6/8, 13, , 
2023/6/21, 67, 24, 
2023/6/22, 66, 9, 
2023/6/23, 36, 4, 
2023/6/24, 12, 4, 
2023/6/25, 15, 9, 
2023/6/26, 24, 12, 
2023/6/27, 34, 18, 
2023/6/28, 41, 13, 
2023/6/29, 49, 11, 
2023/6/30, 35, 10, 
2023/1/2, 13, 7, 
2023/1/3, 21, 9, 
2023/1/4, 37, 14, 
2023/1/5, 48, 17, 
2023/1/6, 44, 3, 
2023/1/7, 9, 3, 
2023/1/8, 10, 3, 
2023/1/9, 10, 7, 
2023/1/10, 26, 3, 
2023/1/11, 14, 7, 
2023/1/12, 28, 10, 
2023/1/13, 38, 4, 
2023/1/14, 13, 12, 
2023/1/15, 41, 9, 
2023/1/16, 34, 7, 
2023/1/17, 27, 7, 
2023/1/18, 26, 2, 
2023/1/19, 8, 5, 
2023/1/20, 17, 3, 
2023/1/21, 10, 2, 
2023/1/22, 8, 4, 
2023/1/23, 12, 7, 
2023/1/24, 20, 3, 
2023/1/25, 10, 4, 
2023/1/26, 15, 1, 
2023/1/27, 3, 6, 
2023/1/28, 22, 6, 
2023/1/29, 24, 6, 
2023/1/30, 25, 3, 
2023/1/31, 11, 8, 
2023/2/1, 31, 11, 
2023/2/2, 41, 13, 
2023/2/3, 48, 3, 
2023/2/4, 10, 4, 
2023/2/5, 15, 2, 
2023/2/6, 8, 4, 
2023/2/7, 14, 2, 
2023/2/8, 9, 3, 
2023/2/9, 11, 5, 
2023/2/10, 18, 6, 
2023/2/11, 22, 5, 
2023/2/12, 17, 5, 
2023/2/13, 18, 9, 
2023/2/14, 32, 5, 
2023/2/15, 19, 3, 
2023/2/16, 10, 9, 
2023/2/17, 24, 24, 
2023/2/18, 21, 6, 
2023/2/19, 21, 7, 
2023/2/20, 23, 20, 
2023/2/21, 53, 24, 
2023/2/22, 35, 6, 
2023/2/23, 12, 4, 
2023/2/24, 13, 4, 
2023/2/25, 13, 7, 
2023/2/26, 24, 10, 
2023/2/27, 26, 10, 
2023/2/28, 22, 4, 
2023/3/1, 16, 3, 
2023/3/2, 11, 3, 
2023/3/3, 9, 5, 
2023/3/4, 13, 5, 
2023/3/5, 14, 5, 
2023/3/6, 13, 5, 
2023/3/7, 21, 12, 
2023/3/8, 41, 3, 
2023/3/9, 9, 5, 
2023/3/10, 16, 3, 
2023/3/11, 8, 2, 
2023/3/12, 8, 3, 
2023/3/13, 9, 3, 
2023/3/14, 10, 7, 
2023/3/15, 15, 7, 
2023/3/16, 19, 5, 
2023/3/17, 19, 4, 
2023/3/18, 11, 4, 
2023/3/19, 10, 2, 
2023/3/20, 8, 6, 
2023/3/21, 13, 4, 
2023/3/22, 10, 11, 
2023/3/23, 23, 11, 
2023/3/24, 22, 4, 
2023/3/25, 13, 15, 
2023/3/26, 18, 11, 
2023/3/27, 26, 23, 
2023/3/28, 31, 34, 
2023/3/29, 33, 7, 
2023/3/30, 13, 8, 
2023/3/31, 18, 4, 
2022/10/1, 23, 7, 
2022/10/2, 18, 7, 
2022/10/3, 18, 17, 
2022/10/4, 30, 6, 
2022/10/5, 15, 1, 
2022/10/6, 5, 2, 
2022/10/7, 8, 3, 
2022/10/8, 11, 3, 
2022/10/9, 11, 10, 
2022/10/10, 13, 2, 
2022/10/11, 6, 6, 
2022/10/12, 10, 2, 
2022/10/13, 9, 18, 
2022/10/14, 35, 26, 
2022/10/15, 59, 13, 
2022/10/16, 30, 3, 
2022/10/17, 11, 2, 
2022/10/18, 7, 2, 
2022/10/19, 9, 7, 
2022/10/20, 21, 1, 
2022/10/21, 4, 2, 
2022/10/22, 5, 20, 
2022/10/23, 25, 8, 
2022/10/24, 30, 10, 
2022/10/25, 37, 7, 
2022/10/26, 29, 7, 
2022/10/27, 30, 4, 
2022/10/28, 15, 6, 
2022/10/29, 9, 10, 
2022/10/30, 35, 4, 
2022/10/31, 14, 2, 
2022/11/1, 7, 32, 
2022/11/2, 28, 9, 
2022/11/3, 27, 7, 
2022/11/4, 25, 6, 
2022/11/5, 22, 4, 
2022/11/6, 15, 3, 
2022/11/7, 9, 4, 
2022/11/8, 14, 18, 
2022/11/9, 17, 15, 
2022/11/10, 39, 4, 
2022/11/11, 16, 3, 
2022/11/12, 13, 5, 
2022/11/13, 20, 4, 
2022/11/14, 13, 9, 
2022/11/15, 33, 14, 
2022/11/16, 44, 28, 
2022/11/17, 51, 30, 
2022/11/18, 46, 15, 
2022/11/19, 44, 12, 
2022/11/20, 44, 16, 
2022/11/21, 52, 20, 
2022/11/22, 55, 9, 
2022/11/23, 27, 23, 
2022/11/24, 22, 15, 
2022/11/25, 32, 7, 
2022/11/26, 27, 4, 
2022/11/27, 16, 5, 
2022/11/28, 19, 6, 
2022/11/29, 14, 12, 
2022/11/30, 37, 16, 
2022/12/1, 53, 12, 
2022/12/2, 48, 11, 
2022/12/3, 42, 6, 
2022/12/4, 22, 3, 
2022/12/5, 13, 5, 
2022/12/6, 15, 10, 
2022/12/7, 37, 4, 
2022/12/8, 15, 2, 
2022/12/9, 7, 17, 
2022/12/10, 54, 20, 
2022/12/11, 66, 24, 
2022/12/12, 77, 12, 
2022/12/13, 44, 12, 
2022/12/14, 40, 4, 
2022/12/15, 13, 6, 
2022/12/16, 17, 6, 
2022/12/17, 21, 13, 
2022/12/18, 46, 7, 
2022/12/19, 30, 7, 
2022/12/20, 24, 4, 
2022/12/21, 14, 5, 
2022/12/22, 20, 4, 
2022/12/23, 11, 5, 
2022/12/24, 12, 10, 
2022/12/25, 36, 7, 
2022/12/26, 20, 2, 
2022/12/27, 9, 4, 
2022/12/28, 17, 3, 
2022/12/29, 8, 2, 
2022/12/30, 5, 2, 
2022/12/31, 8, 9, 
2023/1/1, 33, 4, 
2022/7/1, 31, 18, 
2022/7/2, 50, 5, 
2022/7/3, 16, 5, 
2022/7/4, 16, 7, 
2022/7/5, 20, , 
2022/7/25, 11, 3, 
2022/7/26, 11, 1, 
2022/7/27, 4, 2, 
2022/7/28, 6, 5, 
2022/7/29, 9, 4, 
2022/7/30, 12, 5, 
2022/7/31, 13, 6, 
2022/8/1, 19, 2, 
2022/8/2, 9, 4, 
2022/8/3, 11, 5, 
2022/8/4, 12, 5, 
2022/8/5, 13, 6, 
2022/8/6, 9, 1, 
2022/8/7, 5, 5, 
2022/8/8, 7, 14, 
2022/8/9, 26, 2, 
2022/8/10, 9, 5, 
2022/8/11, 17, 8, 
2022/8/12, 25, 3, 
2022/8/13, 10, 6, 
2022/8/14, 21, 14, 
2022/8/15, 30, 19, 
2022/8/16, 46, 5, 
2022/8/17, 19, 7, 
2022/8/18, 10, 13, 
2022/8/19, 26, 10, 
2022/8/20, 36, 10, 
2022/8/21, 41, 6, 
2022/8/22, 23, 6, 
2022/8/23, 12, 8, 
2022/8/24, 15, 19, 
2022/8/25, 22, 15, 
2022/8/26, 28, 3, 
2022/8/27, 8, 1, 
2022/8/28, 5, 3, 
2022/8/29, 6, 3, 
2022/8/30, 10, 7, 
2022/8/31, 11, 8, 
2022/9/1, 13, 10, 
2022/9/2, 14, 4, 
2022/9/3, 8, 3, 
2022/9/4, 9, 8, 
2022/9/5, 17, 1, 
2022/9/6, 5, 5, 
2022/9/7, 13, 5, 
2022/9/8, 17, 6, 
2022/9/9, 18, 3, 
2022/9/10, 8, 3, 
2022/9/11, 8, 4, 
2022/9/12, 9, 7, 
2022/9/13, 13, 3, 
2022/9/14, 9, 6, 
2022/9/15, 11, 4, 
2022/9/16, 13, 3, 
2022/9/17, 9, 2, 
2022/9/18, 6, 6, 
2022/9/19, 11, 9, 
2022/9/20, 18, 2, 
2022/9/21, 6, 10, 
2022/9/22, 18, 5, 
2022/9/23, 11, 2, 
2022/9/24, 9, 3, 
2022/9/25, 7, 10, 
2022/9/26, 13, 13, 
2022/9/27, 22, 14, 
2022/9/28, 28, 16, 
2022/9/29, 34, 11, 
2022/9/30, 23, 11, 
2022/4/1, 11, 2, 
2022/4/2, 8, 2, 
2022/4/3, 8, 7, 
2022/4/4, 11, 13, 
2022/4/5, 20, 3, 
2022/4/6, 9, 7, 
2022/4/7, 16, 8, 
2022/4/8, 14, 3, 
2022/4/9, 8, 6, 
2022/4/10, 10, 34, 
2022/4/11, 31, 2, 
2022/4/12, 8, 6, 
2022/4/13, 10, 23, 
2022/4/14, 22, 19, 
2022/4/15, 21, 13, 
2022/4/16, 18, 3, 
2022/4/17, 10, 8, 
2022/4/18, 24, 32, 
2022/4/19, 38, 88, 
2022/4/20, 74, 28, 
2022/4/21, 36, 14, 
2022/4/22, 21, 15, 
2022/4/23, 25, 25, 
2022/4/24, 40, 15, 
2022/4/25, 22, 21, 
2022/4/26, 17, 3, 
2022/4/27, 8, 5, 
2022/4/28, 9, 2, 
2022/4/29, 6, 12, 
2022/4/30, 13, 7, 
2022/5/1, 8, 3, 
2022/5/2, 8, 4, 
2022/5/3, 9, 32, 
2022/5/4, 27, 22, 
2022/5/5, 24, 2, 
2022/5/6, 8, , 
2022/5/8, 13, 5, 
2022/5/9, 7, 6, 
2022/5/10, 8, 2, 
2022/5/11, 7, 20, 
2022/5/12, 31, 19, 
2022/5/13, 22, 5, 
2022/5/14, 11, 1, 
2022/5/15, 4, 9, 
2022/5/16, 18, 3, 
2022/5/17, 10, 20, 
2022/5/18, 19, 12, 
2022/5/19, 19, 22, 
2022/5/20, 24, 2, 
2022/5/21, 7, 6, 
2022/5/22, 22, 25, 
2022/5/23, 32, 46, 
2022/5/24, 43, 126, 
2022/5/25, 76, 11, 
2022/5/26, 33, 14, 
2022/5/27, 34, 5, 
2022/5/28, 18, 4, 
2022/5/29, 12, 16, 
2022/5/30, 35, 23, 
2022/5/31, 51, 26, 
2022/6/1, 40, 20, 
2022/6/2, 22, 10, 
2022/6/3, 27, 7, 
2022/6/4, 21, 2, 
2022/6/5, 6, 5, 
2022/6/6, 12, 3, 
2022/6/7, 7, 8, 
2022/6/8, 14, 7, 
2022/6/9, 13, 8, 
2022/6/10, 10, 4, 
2022/6/11, 15, 6, 
2022/6/12, 26, 8, 
2022/6/13, 31, 10, 
2022/6/14, 37, 8, 
2022/6/15, 24, 9, 
2022/6/16, 22, 7, 
2022/6/17, 24, 3, 
2022/6/18, 14, 10, 
2022/6/19, 37, 8, 
2022/6/20, 21, 3, 
2022/6/21, 10, 3, 
2022/6/22, 7, 12, 
2022/6/23, 21, 8, 
2022/6/24, 21, 9, 
2022/6/25, 30, 11, 
2022/6/26, 40, 20, 
2022/6/27, 56, 32, 
2022/6/28, 64, 19, 
2022/6/29, 42, 5, 
2022/6/30, 12, 12, 
2022/1/3, 8, 4, 
2022/1/4, 16, 4, 
2022/1/5, 11, 2, 
2022/1/6, 6, 13, 
2022/1/7, 44, 10, 
2022/1/8, 36, 14, 
2022/1/9, 50, 13, 
2022/1/10, 49, 3, 
2022/1/11, 9, 2, 
2022/1/12, 7, 4, 
2022/1/13, 14, 4, 
2022/1/14, 10, 8, 
2022/1/15, 17, 2, 
2022/1/16, 7, 20, 
2022/1/17, 20, 2, 
2022/1/18, 7, 3, 
2022/1/19, 10, 7, 
2022/1/20, 19, 3, 
2022/1/21, 13, 2, 
2022/1/22, 10, 3, 
2022/1/23, 10, 2, 
2022/1/24, 8, 3, 
2022/1/25, 13, 5, 
2022/1/26, 24, 3, 
2022/1/27, 12, 7, 
2022/1/28, 26, 4, 
2022/1/29, 13, 12, 
2022/1/30, 44, 5, 
2022/1/31, 20, 14, 
2022/2/1, 42, 10, 
2022/2/2, 37, 13, 
2022/2/3, 46, 6, 
2022/2/4, 20, 5, 
2022/2/5, 14, 5, 
2022/2/6, 20, 6, 
2022/2/7, 25, 2, 
2022/2/8, 7, 1, 
2022/2/9, 3, 4, 
2022/2/10, 15, 5, 
2022/2/11, 18, 10, 
2022/2/12, 38, 4, 
2022/2/13, 16, 2, 
2022/2/14, 10, 12, 
2022/2/15, 45, 3, 
2022/2/16, 9, 3, 
2022/2/17, 9, 2, 
2022/2/18, 8, 3, 
2022/2/19, 10, 9, 
2022/2/20, 26, 14, 
2022/2/21, 41, 14, 
2022/2/22, 49, 9, 
2022/2/23, 24, 3, 
2022/2/24, 10, 5, 
2022/2/25, 15, 3, 
2022/2/26, 9, 2, 
2022/2/27, 8, 9, 
2022/2/28, 29, 2, 
2022/3/1, 8, 3, 
2022/3/2, 11, 3, 
2022/3/3, 10, 3, 
2022/3/4, 12, 1, 
2022/3/5, 6, 3, 
2022/3/6, 13, 6, 
2022/3/7, 20, 7, 
2022/3/8, 23, 3, 
2022/3/9, 9, 5, 
2022/3/10, 8, , 
2022/3/15, 36, 7, 
2022/3/16, 19, 4, 
2022/3/17, 16, 5, 
2022/3/18, 17, 2, 
2022/3/19, 8, 11, 
2022/3/20, 37, 17, 
2022/3/21, 28, 13, 
2022/3/22, 37, 5, 
2022/3/23, 20, 18, 
2022/3/24, 19, 20, 
2022/3/25, 17, 5, 
2022/3/26, 13, 2, 
2022/3/27, 7, 6, 
2022/3/28, 10, 4, 
2022/3/29, 11, 4, 
2022/3/30, 12, 4, 
2022/3/31, 9, 9, 
2021/10/1, 29, 5, 
2021/10/2, 10, 5, 
2021/10/3, 18, 3, 
2021/10/4, 6, 1, 
2021/10/5, 5, 2, 
2021/10/6, 6, 5, 
2021/10/7, 11, 7, 
2021/10/8, 11, 1, 
2021/10/9, 5, 2, 
2021/10/10, 10, 3, 
2021/10/11, 10, 5, 
2021/10/12, 12, 3, 
2021/10/13, 12, 11, 
2021/10/14, 15, 6, 
2021/10/15, 17, 5, 
2021/10/16, 10, 6, 
2021/10/17, 11, 3, 
2021/10/18, 10, 4, 
2021/10/19, 14, 5, 
2021/10/20, 9, 2, 
2021/10/21, 5, 3, 
2021/10/22, 7, 21, 
2021/10/23, 34, 5, 
2021/10/24, 21, 3, 
2021/10/25, 13, 2, 
2021/10/26, 9, 3, 
2021/10/27, 9, 2, 
2021/10/28, 8, 4, 
2021/10/29, 16, 4, 
2021/10/30, 16, 3, 
2021/10/31, 9, 22, 
2021/11/1, 21, 47, 
2021/11/2, 40, 23, 
2021/11/3, 49, 4, 
2021/11/4, 14, 8, 
2021/11/5, 14, 7, 
2021/11/6, 23, 31, 
2021/11/7, 40, 6, 
2021/11/8, 23, 3, 
2021/11/9, 9, 1, 
2021/11/10, 5, 5, 
2021/11/11, 17, 4, 
2021/11/12, 14, 3, 
2021/11/13, 13, 7, 
2021/11/14, 23, 4, 
2021/11/15, 15, 2, 
2021/11/16, 7, 1, 
2021/11/17, 3, 1, 
2021/11/18, 4, 2, 
2021/11/19, 8, 9, 
2021/11/20, 13, 9, 
2021/11/21, 16, 7, 
2021/11/22, 28, 5, 
2021/11/23, 21, 12, 
2021/11/24, 29, 9, 
2021/11/25, 35, 6, 
2021/11/26, 24, 12, 
2021/11/27, 42, 4, 
2021/11/28, 15, 3, 
2021/11/29, 12, 6, 
2021/11/30, 21, 10, 
2021/12/1, 33, 3, 
2021/12/2, 10, 20, 
2021/12/3, 62, 7, 
2021/12/4, 27, 20, 
2021/12/5, 62, 8, 
2021/12/6, 28, 11, 
2021/12/7, 28, 9, 
2021/12/8, 32, 10, 
2021/12/9, 37, 14, 
2021/12/10, 47, 16, 
2021/12/11, 55, 10, 
2021/12/12, 37, 11, 
2021/12/13, 42, 2, 
2021/12/14, 9, 2, 
2021/12/15, 10, 2, 
2021/12/16, 9, 2, 
2021/12/17, 10, 3, 
2021/12/18, 11, 4, 
2021/12/19, 12, 11, 
2021/12/20, 42, 18, 
2021/12/21, 36, 14, 
2021/12/22, 43, 14, 
2021/12/23, 18, 6, 
2021/12/24, 19, 6, 
2021/12/25, 24, 17, 
2021/12/26, 60, 19, 
2021/12/27, 65, 15, 
2021/12/28, 55, 8, 
2021/12/29, 31, 5, 
2021/12/30, 20, 7, 
2021/12/31, 23, 11, 
2022/1/1, 37, 6, 
2022/1/2, 11, 3, 
2021/7/1, 24, 9, 
2021/7/2, 28, 11, 
2021/7/3, 40, 9, 
2021/7/4, 30, 15, 
2021/7/5, 41, 20, 
2021/7/6, 61, 22, 
2021/7/7, 65, 5, 
2021/7/8, 19, 4, 
2021/7/9, 15, 6, 
2021/7/10, 21, 6, 
2021/7/11, 24, 5, 
2021/7/12, 16, 4, 
2021/7/13, 13, 5, 
2021/7/14, 18, 6, 
2021/7/15, 17, 3, 
2021/7/16, 11, 4, 
2021/7/17, 13, 2, 
2021/7/18, 10, 2, 
2021/7/19, 8, 1, 
2021/7/20, 4, 1, 
2021/7/21, 4, 1, 
2021/7/22, 3, 2, 
2021/7/23, 5, 1, 
2021/7/24, 6, 6, 
2021/7/25, 20, 8, 
2021/7/26, 32, 5, 
2021/7/27, 19, 6, 
2021/7/28, 24, 5, 
2021/7/29, 21, 6, 
2021/7/30, 23, 3, 
2021/7/31, 11, 1, 
2021/8/1, 2, 1, 
2021/8/2, 4, 1, 
2021/8/3, 4, 2, 
2021/8/4, 6, 2, 
2021/8/5, 6, 5, 
2021/8/6, 17, 6, 
2021/8/7, 20, 6, 
2021/8/8, 19, 3, 
2021/8/9, 6, 5, 
2021/8/10, 20, 2, 
2021/8/11, 10, 4, 
2021/8/12, 15, 4, 
2021/8/13, 14, 3, 
2021/8/14, 11, 4, 
2021/8/15, 15, 4, 
2021/8/16, 14, 3, 
2021/8/17, 10, 4, 
2021/8/18, 14, 4, 
2021/8/19, 12, 3, 
2021/8/20, 10, 2, 
2021/8/21, 5, 1, 
2021/8/22, 5, 2, 
2021/8/23, 6, 2, 
2021/8/24, 6, 2, 
2021/8/25, 6, 6, 
2021/8/26, 16, 5, 
2021/8/27, 16, 5, 
2021/8/28, 17, 6, 
2021/8/29, 24, 3, 
2021/8/30, 10, 2, 
2021/8/31, 9, 1, 
2021/9/1, 5, 1, 
2021/9/2, 5, 2, 
2021/9/3, 8, 3, 
2021/9/4, 8, 1, 
2021/9/5, 4, 3, 
2021/9/6, 8, 2, 
2021/9/7, 8, 2, 
2021/9/8, 6, 2, 
2021/9/9, 5, 3, 
2021/9/10, 9, 7, 
2021/9/11, 20, 3, 
2021/9/12, 11, 2, 
2021/9/13, 6, 2, 
2021/9/14, 8, 4, 
2021/9/15, 12, 8, 
2021/9/16, 17, 6, 
2021/9/17, 16, 5, 
2021/9/18, 13, 4, 
2021/9/19, 12, 12, 
2021/9/20, 19, 10, 
2021/9/21, 10, 3, 
2021/9/22, 7, 7, 
2021/9/23, 15, 4, 
2021/9/24, 10, 1, 
2021/9/25, 4, 1, 
2021/9/26, 3, 5, 
2021/9/27, 15, 8, 
2021/9/28, 15, 8, 
2021/9/29, 20, 11, 
2021/9/30, 31, 13, 
2021/4/1, 8, 3, 
2021/4/2, 11, 2, 2
2021/4/3, 6, 3, 3
2021/4/4, 9, 7, 4
2021/4/5, 19, 4, 2
2021/4/6, 15, 6, 4
2021/4/7, 18, 4, 7
2021/4/8, 12, 9, 8
2021/4/9, 13, 19, 3
2021/4/10, 19, 3, 2
2021/4/11, 8, 11, 7
2021/4/12, 14, 68, 6
2021/4/13, 50, 7, 4
2021/4/14, 15, 5, 2
2021/4/15, 21, 23, 
2021/4/16, 29, 38, 
2021/4/17, 34, 48, 
2021/4/18, 41, 70, 
2021/4/19, 55, 59, 
2021/4/20, 59, 26, 
2021/4/21, 28, 28, 
2021/4/22, 28, 18, 
2021/4/23, 20, 18, 
2021/4/24, 18, 13, 
2021/4/25, 16, 16, 
2021/4/26, 22, 18, 
2021/4/27, 20, 26, 
2021/4/28, 27, 4, 
2021/4/29, 12, 16, 
2021/4/30, 16, 2, 
2021/5/1, 9, 15, 
2021/5/2, 14, 18, 
2021/5/3, 14, 26, 
2021/5/4, 21, 27, 
2021/5/5, 25, 24, 
2021/5/6, 25, 27, 
2021/5/7, 30, 8, 
2021/5/8, 15, 6, 
2021/5/9, 10, 21, 
2021/5/10, 24, 22, 
2021/5/11, 29, 15, 
2021/5/12, 25, 5, 
2021/5/13, 17, 6, 
2021/5/14, 14, 5, 
2021/5/15, 12, 8, 
2021/5/16, 18, 9, 
2021/5/17, 20, 14, 
2021/5/18, 23, 9, 
2021/5/19, 10, 6, 
2021/5/20, 15, 6, 
2021/5/21, 15, 14, 
2021/5/22, 17, 4, 
2021/5/23, 8, 4, 
2021/5/24, 10, 8, 
2021/5/25, 17, 11, 
2021/5/26, 23, 10, 
2021/5/27, 21, 14, 
2021/5/28, 35, 8, 
2021/5/29, 24, 4, 
2021/5/30, 12, 9, 
2021/5/31, 21, 11, 
2021/6/1, 19, 12, 
2021/6/2, 16, 20, 
2021/6/3, 26, 11, 
2021/6/4, 30, 10, 
2021/6/5, 37, 8, 
2021/6/6, 29, 11, 
2021/6/7, 35, 9, 
2021/6/8, 37, 12, 
2021/6/9, 30, 13, 
2021/6/10, 25, 6, 
2021/6/11, 20, 6, 
2021/6/12, 22, 4, 
2021/6/13, 14, 4, 
2021/6/14, 9, 4, 
2021/6/15, 9, 5, 
2021/6/16, 9, 8, 
2021/6/17, 19, 6, 
2021/6/18, 24, 4, 
2021/6/19, 11, 6, 
2021/6/20, 16, 7, 
2021/6/21, 21, 5, 
2021/6/22, 16, 6, 
2021/6/23, 12, 8, 
2021/6/24, 23, 5, 
2021/6/25, 15, 3, 
2021/6/26, 11, 7, 
2021/6/27, 24, 10, 
2021/6/28, 33, 2, 
2021/6/29, 6, 4, 
2021/6/30, 13, 12, 
2021/1/4, 6, 1, 3
2021/1/5, 4, 2, 8
2021/1/6, 8, 29, 8
2021/1/7, 25, 6, 5
2021/1/8, 16, 20, 2
2021/1/9, 20, 33, 1
2021/1/10, 29, 125, 8
2021/1/11, 66, 36, 5
2021/1/12, 29, 43, 16
2021/1/13, 58, 9, 17
2021/1/14, 34, 2, 5
2021/1/15, 6, 6, 15
2021/1/16, 26, 10, 15
2021/1/17, 39, 5, 25
2021/1/18, 22, , 6
2021/2/16, 36, 9, 22
2021/2/17, 31, 13, 24
2021/2/18, 39, 5, 10
2021/2/19, 17, 5, 3
2021/2/20, 14, 9, 1
2021/2/21, 23, 8, 3
2021/2/22, 17, 4, 3
2021/2/23, 14, 1, 4
2021/2/24, 5, 5, 18
2021/2/25, 17, 3, 4
2021/2/26, 11, 2, 6
2021/2/27, 8, 3, 2
2021/2/28, 11, 5, 2
2021/3/1, 18, 6, 4
2021/3/2, 16, 8, 6
2021/3/3, 16, 6, 7
2021/3/4, 16, 2, 7
2021/3/5, 9, 3, 2
2021/3/6, 7, 6, 7
2021/3/7, 17, 5, 11
2021/3/8, 18, 4, 12
2021/3/9, 13, 9, 6
2021/3/10, 15, 9, 5
2021/3/11, 19, 21, 14
2021/3/12, 39, 5, 4
2021/3/13, 21, 3, 5
2021/3/14, 11, 7, 5
2021/3/15, 26, 5, 10
2021/3/16, 21, 3, 5
2021/3/17, 11, 12, 10
2021/3/18, 24, 8, 1
2021/3/19, 13, 4, 7
2021/3/20, 16, 11, 2
2021/3/21, 16, 3, 7
2021/3/22, 10, 5, 4
2021/3/23, 17, 2, 2
2021/3/24, 9, 5, 10
2021/3/25, 16, 4, 5
2021/3/26, 7, 4, 5
2021/3/27, 8, 5, 5
2021/3/28, 10, 7, 8
2021/3/29, 13, 2, 5
2021/3/30, 5, 2, 2
2021/3/31, 7, 2, 2
2020/10/1, 50, 15, 
2020/10/2, 40, 18, 
2020/10/3, 46, 30, 
2020/10/4, 69, 18, 
2020/10/5, 42, 13, 8
2020/10/6, 17, 10, 8
2020/10/7, 15, 21, 15
2020/10/8, 30, 13, 13
2020/10/9, 34, 3, 3
2020/10/10, 10, 3, 3
2020/10/11, 11, 4, 6
2020/10/12, 13, 3, 9
2020/10/13, 9, 2, 7
2020/10/14, 5, 1, 6
2020/10/15, 4, 2, 9
2020/10/16, 6, 1, 1
2020/10/17, 4, 5, 1
2020/10/18, 8, 62, 17
2020/10/19, 74, 81, 18
2020/10/20, 74, 62, 12
2020/10/21, 50, 17, 10
2020/10/22, 21, 3, 8
2020/10/23, 11, 4, 4
2020/10/24, 13, 1, 3
2020/10/25, 6, 6, 11
2020/10/26, 10, 46, 15
2020/10/27, 55, 18, 21
2020/10/28, 42, 4, 9
2020/10/29, 13, 6, 19
2020/10/30, 23, 3, 7
2020/10/31, 12, 5, 13
2020/11/1, 14, 2, 5
2020/11/2, 5, 2, 8
2020/11/3, 6, 1, 6
2020/11/4, 3, 2, 4
2020/11/5, 8, 5, 3
2020/11/6, 18, 3, 2
2020/11/7, 12, 3, 6
2020/11/8, 13, 23, 4
2020/11/9, 32, 53, 21
2020/11/10, 78, 3, 11
2020/11/11, 10, 14, 16
2020/11/12, 27, 16, 12
2020/11/13, 24, 8, 3
2020/11/14, 10, , 
2020/11/17, 3, 2, 6
2020/11/18, 7, 11, 8
2020/11/19, 21, 10, 8
2020/11/20, 19, 2, 4
2020/11/21, 8, 3, 10
2020/11/22, 11, 2, 6
2020/11/23, 8, 4, 19
2020/11/24, 15, 4, 17
2020/11/25, 18, 5, 20
2020/11/26, 20, 5, 12
2020/11/27, 17, 3, 6
2020/11/28, 11, 1, 1
2020/11/29, 3, 1, 5
2020/11/30, 3, 4, 6
2020/12/1, 13, 1, 3
2020/12/2, 4, 11, 8
2020/12/3, 10, 58, 24
2020/12/4, 105, 12, 6
2020/12/5, 24, 5, 8
2020/12/6, 20, 4, 14
2020/12/7, 15, 4, 10
2020/12/8, 14, 3, 9
2020/12/9, 11, 4, 13
2020/12/10, 19, 6, 18
2020/12/11, 23, 10, 17
2020/12/12, 40, 11, 18
2020/12/13, 44, 6, 18
2020/12/14, 21, 4, 12
2020/12/15, 16, 3, 8
2020/12/16, 13, 16, 28
2020/12/17, 38, 8, 13
2020/12/18, 19, 5, 15
2020/12/19, 21, 2, 4
2020/12/20, 6, 1, 5
2020/12/21, 5, 11, 10
2020/12/22, 9, 44, 18
2020/12/23, 52, 8, 11
2020/12/24, 31, 3, 2
2020/12/25, 11, 20, 
2020/12/26, 20, 28, 
2020/12/27, 23, 3, 9
2020/12/28, 12, 6, 14
2020/12/29, 21, 8, 22
2020/12/30, 33, 10, 15
2020/12/31, 36, 15, 15
2021/1/1, 48, 5, 11
2021/1/2, 22, 6, 10
2021/1/3, 25, 2, 3
2020/7/1, 6, 3, 5
2020/7/2, 4, 4, 5
2020/7/3, 6, 2, 3
2020/7/4, 5, 2, 3
2020/7/5, 5, 4, 6
2020/7/6, 10, 4, 4
2020/7/7, 10, 5, 3
2020/7/8, 8, 7, 4
2020/7/9, 10, 4, 4
2020/7/10, 9, 4, 3
2020/7/11, 10, 2, 2
2020/7/12, 6, 4, 4
2020/7/13, 12, 8, 6
2020/7/14, 26, 6, 5
2020/7/15, 15, 6, 4
2020/7/16, 21, 6, 5
2020/7/17, 25, 4, 6
2020/7/18, 12, 4, 4
2020/7/19, 13, 5, 4
2020/7/20, 14, 1, 4
2020/7/21, 4, 2, 4
2020/7/22, 6, 2, 5
2020/7/23, 7, 2, 1
2020/7/24, 9, 2, 3
2020/7/25, 7, 3, 4
2020/7/26, 6, 6, 6
2020/7/27, 12, 4, 3
2020/7/28, 14, 8, 5
2020/7/29, 26, 8, 5
2020/7/30, 26, 9, 3
2020/7/31, 33, 4, 2
2020/8/1, 17, 7, 3
2020/8/2, 26, 8, 4
2020/8/3, 26, 3, 4
2020/8/4, 13, 3, 3
2020/8/5, 8, 3, 3
2020/8/6, 8, 5, 3
2020/8/7, 14, 5, 5
2020/8/8, 17, 3, 2
2020/8/9, 9, 3, 2
2020/8/10, 9, 4, 3
2020/8/11, 13, 6, 3
2020/8/12, 19, 5, 5
2020/8/13, 19, 3, 5
2020/8/14, 7, 2, 4
2020/8/15, 6, 2, 2
2020/8/16, 7, 6, 4
2020/8/17, 13, 4, 5
2020/8/18, 8, 3, 4
2020/8/19, 10, 3, 3
2020/8/20, 7, 3, 3
2020/8/21, 10, 7, 8
2020/8/22, 30, 4, 3
2020/8/23, 18, 3, 6
2020/8/24, 6, 4, 4
2020/8/25, 7, 3, 5
2020/8/26, 6, 2, 5
2020/8/27, 4, 2, 4
2020/8/28, 4, 2, 4
2020/8/29, 5, 2, 3
2020/8/30, 6, 3, 6
2020/8/31, 8, 4, 6
2020/9/1, 10, 6, 7
2020/9/2, 12, 8, 8
2020/9/3, 15, 7, 11
2020/9/4, 24, 5, 4
2020/9/5, 21, 2, 4
2020/9/6, 9, 4, 6
2020/9/7, 7, 4, 4
2020/9/8, 6, 1, 5
2020/9/9, 4, 2, 5
2020/9/10, 5, 1, 4
2020/9/11, 4, 2, 3
2020/9/12, 6, 2, 2
2020/9/13, 6, 2, 8
2020/9/14, 6, 2, 7
2020/9/15, 6, 3, 6
2020/9/16, 6, 1, 3
2020/9/17, 4, 1, 4
2020/9/18, 5, 2, 
2020/9/19, 5, 3, 
2020/9/20, 10, 2, 
2020/9/21, 9, 2, 
2020/9/22, 7, 4, 
2020/9/23, 10, 5, 
2020/9/24, 10, 3, 
2020/9/25, 7, 4, 
2020/9/26, 11, 4, 
2020/9/27, 13, 8, 
2020/9/28, 24, 18, 
2020/9/29, 45, 17, 
2020/9/30, 52, 18, 
2020/4/1, 13, 10, 4
2020/4/2, 12, 14, 9
2020/4/3, 25, 3, 2
2020/4/4, 10, 11, 3
2020/4/5, 17, 16, 6
2020/4/6, 23, 5, 6
2020/4/7, 18, 2, 2
2020/4/8, 6, 4, 1
2020/4/9, 12, 2, 1
2020/4/10, 8, 2, 2
2020/4/11, 9, 3, 3
2020/4/12, 10, 3, 
2020/4/13, 12, 5, 6
2020/4/14, 15, 4, 8
2020/4/15, 12, 3, 8
2020/4/16, 8, 5, 5
2020/4/17, 15, 3, 10
2020/4/18, 11, 2, 7
2020/4/19, 7, 30, 9
2020/4/20, 27, 10, 11
2020/4/21, 22, 8, 12
2020/4/22, 19, 1, 10
2020/4/23, 6, 37, 4
2020/4/24, 35, 17, 1
2020/4/25, 27, 14, 2
2020/4/26, 21, 14, 3
2020/4/27, 17, 38, 5
2020/4/28, 31, 56, 7
2020/4/29, 42, 56, 7
2020/4/30, 48, 27, 5
2020/5/1, 34, 13, 4
2020/5/2, 29, 6, 6
2020/5/3, 17, 21, 4
2020/5/4, 24, 3, 4
2020/5/5, 7, 3, 4
2020/5/6, 6, 17, 3
2020/5/7, 24, 29, 4
2020/5/8, 28, 19, 1
2020/5/9, 18, 14, 1
2020/5/10, 17, 5, 2
2020/5/11, 12, 17, 3
2020/5/12, 19, 24, 3
2020/5/13, 22, 24, 3
2020/5/14, 23, 9, 2
2020/5/15, 11, 7, 1
2020/5/16, 8, 8, 2
2020/5/17, 13, 2, 3
2020/5/18, 6, 9, 2
2020/5/19, 13, 14, 3
2020/5/20, 20, 5, 1
2020/5/21, 10, 10, 4
2020/5/22, 14, 17, 4
2020/5/23, 22, 6, 2
2020/5/24, 10, 12, 2
2020/5/25, 16, 11, 3
2020/5/26, 14, 13, 1
2020/5/27, 19, 7, 3
2020/5/28, 10, 3, 6
2020/5/29, 9, 4, 2
2020/5/30, 9, 5, 2
2020/5/31, 10, 6, 2
2020/6/1, 10, 8, 5
2020/6/2, 15, 6, 3
2020/6/3, 11, 5, 5
2020/6/4, 13, 13, 3
2020/6/5, 31, 4, 2
2020/6/6, 14, 3, 3
2020/6/7, 8, 4, 5
2020/6/8, 6, 3, 2
2020/6/9, 8, 6, 2
2020/6/10, 11, 6, 2
2020/6/11, 12, 7, 2
2020/6/12, 14, 6, 2
2020/6/13, 13, 7, 3
2020/6/14, 19, 8, 2
2020/6/15, 16, 5, 
2020/6/16, 7, 6, 2
2020/6/17, 11, 7, 2
2020/6/18, 15, 8, 2
2020/6/19, 15, 7, 2
2020/6/20, 13, 7, 3
2020/6/21, 18, 10, 3
2020/6/22, 27, 13, 3
2020/6/23, 39, 7, 
2020/6/24, 20, 8, 
2020/6/25, 17, 6, 
2020/6/26, 15, 3, 
2020/6/27, 10, 5, 
2020/6/28, 16, 8, 
2020/6/29, 24, 4, 
2020/6/30, 10, 2, 5
2020/1/1, 7, 2, 6
2020/1/2, 10, 2, 8
2020/1/3, 8, 6, 4
2020/1/4, 19, 3, 3
2020/1/5, 10, 4, 20
2020/1/6, 15, 3, 6
2020/1/7, 11, 2, 7
2020/1/8, 8, 6, 5
2020/1/9, 19, 6, 24
2020/1/10, 24, 2, 6
2020/1/11, 8, 5, 8
2020/1/12, 18, 2, 7
2020/1/13, 8, 7, 31
2020/1/14, 25, 3, 13
2020/1/15, 11, 4, 16
2020/1/16, 17, 2, 8
2020/1/17, 8, 9, 21
2020/1/18, 34, 6, 11
2020/1/19, 25, 6, 19
2020/1/20, 21, 4, 11
2020/1/21, 14, 3, 8
2020/1/22, 11, 3, 11
2020/1/23, 11, 5, 24
2020/1/24, 22, 5, 7
2020/1/25, 13, 3, 2
2020/1/26, 10, 7, 19
2020/1/27, 21, 5, 10
2020/1/28, 15, 5, 9
2020/1/29, 19, 10, 10
2020/1/30, 18, 8, 9
2020/1/31, 19, 3, 4
2020/2/1, 11, 5, 5
2020/2/2, 17, 4, 9
2020/2/3, 13, 4, 12
2020/2/4, 13, 4, 4
2020/2/5, 10, 7, 10
2020/2/6, 21, 6, 24
2020/2/7, 22, 4, 18
2020/2/8, 17, 9, 21
2020/2/9, 34, 4, 19
2020/2/10, 16, 3, 14
2020/2/11, 10, 3, 16
2020/2/12, 13, 6, 18
2020/2/13, 23, 6, 19
2020/2/14, 21, 11, 24
2020/2/15, 40, 4, 7
2020/2/16, 14, 9, 32
2020/2/17, 34, 4, 9
2020/2/18, 15, 6, 22
2020/2/19, 22, 5, 8
2020/2/20, 9, 1, 7
2020/2/21, 5, 1, 3
2020/2/22, 6, 1, 4
2020/2/23, 5, 3, 9
2020/2/24, 13, 7, 22
2020/2/25, 26, 3, 10
2020/2/26, 11, 3, 11
2020/2/27, 10, 2, 9
2020/2/28, 8, 3, 5
2020/2/29, 9, 6, 10
2020/3/1, 20, 10, 19
2020/3/2, 34, 7, 21
2020/3/3, 24, 3, 6
2020/3/4, 7, 5, 13
2020/3/5, 15, 7, 27
2020/3/6, 26, 3, 12
2020/3/7, 13, 2, 10
2020/3/8, 8, 1, 7
2020/3/9, 3, 4, 3
2020/3/10, 11, 2, 7
2020/3/11, 7, 2, 8
2020/3/12, 8, 4, 4
2020/3/13, 9, 3, 3
2020/3/14, 8, 7, 8
2020/3/15, 20, 8, 9
2020/3/16, 23, 3, 7
2020/3/17, 9, 3, 8
2020/3/18, 9, 3, 4
2020/3/19, 11, 2, 5
2020/3/20, 7, 2, 3
2020/3/21, 8, 2, 1
2020/3/22, 6, 2, 4
2020/3/23, 6, 4, 4
2020/3/24, 12, 3, 5
2020/3/25, 8, 2, 3
2020/3/26, 8, 4, 6
2020/3/27, 14, 2, 1
2020/3/28, 8, 4, 1
2020/3/29, 11, 3, 5
2020/3/30, 10, 2, 6
2020/3/31, 5, 4, 8
2025/9/15, , 3, 
2024/12/31, , 7, 
2025/1/26, , 4, 
2025/3/30, , 7, 
2024/7/22, , 8, 
2024/8/27, , 5, 
2023/9/18, , 6, 
2023/4/10, , 43, 
2023/6/20, , 22, 
2022/7/24, , 3, 
2022/5/7, , 6, 
2022/3/14, , 13, 
2021/2/15, , 10, 32
2020/11/16, , 1, 3
2019/12/31, , 2, 3
2021/1/19, , , 2
2021/1/20, , , 
2021/1/21, , , 